seed,access_index,phase,requested_page,frames_before,chosen_victim,ideal_victim,ideal_victims,recency,recent_frequency,confidence,correct,explanation
42,6,before_shift,3,"[0, 1, 2, 5]",5,5,[5],2,1,0.30434782608695654,True,The learned policy selected page 5 because it received the highest predicted eviction score among the current resident pages. It was last accessed 2 references ago and appeared 1 time in the recent 20-reference window. Model confidence: 30.4%.
42,18,before_shift,4,"[0, 1, 2, 3]",2,2,[2],1,3,0.27485380116959063,True,The learned policy selected page 2 because it received the highest predicted eviction score among the current resident pages. It was last accessed 1 reference ago and appeared 3 times in the recent 20-reference window. Model confidence: 27.5%.
42,23,before_shift,2,"[0, 1, 3, 4]",4,4,[4],5,1,0.3893805309734513,True,The learned policy selected page 4 because it received the highest predicted eviction score among the current resident pages. It was last accessed 5 references ago and appeared 1 time in the recent 20-reference window. Model confidence: 38.9%.
42,89,before_shift,4,"[0, 1, 3, 2]",1,1,[1],1,5,0.3288409703504043,True,The learned policy selected page 1 because it received the highest predicted eviction score among the current resident pages. It was last accessed 1 reference ago and appeared 5 times in the recent 20-reference window. Model confidence: 32.9%.
42,92,before_shift,5,"[0, 3, 2, 4]",3,4,[4],1,5,0.3288409703504043,False,The learned policy selected page 3 because it received the highest predicted eviction score among the current resident pages. It was last accessed 1 reference ago and appeared 5 times in the recent 20-reference window. Model confidence: 32.9%.
42,95,before_shift,1,"[0, 2, 4, 5]",0,5,[5],1,6,0.3288409703504043,False,The learned policy selected page 0 because it received the highest predicted eviction score among the current resident pages. It was last accessed 1 reference ago and appeared 6 times in the recent 20-reference window. Model confidence: 32.9%.
42,98,before_shift,3,"[2, 4, 5, 1]",1,5,[5],1,5,0.3288409703504043,False,The learned policy selected page 1 because it received the highest predicted eviction score among the current resident pages. It was last accessed 1 reference ago and appeared 5 times in the recent 20-reference window. Model confidence: 32.9%.
42,99,before_shift,0,"[2, 4, 5, 3]",3,5,[5],1,4,0.3288409703504043,False,The learned policy selected page 3 because it received the highest predicted eviction score among the current resident pages. It was last accessed 1 reference ago and appeared 4 times in the recent 20-reference window. Model confidence: 32.9%.
42,100,before_shift,1,"[2, 4, 5, 0]",0,5,[5],1,5,0.3288409703504043,False,The learned policy selected page 0 because it received the highest predicted eviction score among the current resident pages. It was last accessed 1 reference ago and appeared 5 times in the recent 20-reference window. Model confidence: 32.9%.
42,102,before_shift,3,"[2, 4, 5, 1]",4,5,[5],13,1,0.5,False,The learned policy selected page 4 because it received the highest predicted eviction score among the current resident pages. It was last accessed 13 references ago and appeared 1 time in the recent 20-reference window. Model confidence: 50.0%.
42,103,before_shift,0,"[2, 5, 1, 3]",3,5,[5],1,4,0.3288409703504043,False,The learned policy selected page 3 because it received the highest predicted eviction score among the current resident pages. It was last accessed 1 reference ago and appeared 4 times in the recent 20-reference window. Model confidence: 32.9%.
42,107,before_shift,3,"[2, 5, 1, 0]",2,5,[5],1,4,0.3288409703504043,False,The learned policy selected page 2 because it received the highest predicted eviction score among the current resident pages. It was last accessed 1 reference ago and appeared 4 times in the recent 20-reference window. Model confidence: 32.9%.
42,110,before_shift,2,"[5, 1, 0, 3]",1,5,[5],1,5,0.3288409703504043,False,The learned policy selected page 1 because it received the highest predicted eviction score among the current resident pages. It was last accessed 1 reference ago and appeared 5 times in the recent 20-reference window. Model confidence: 32.9%.
42,113,before_shift,1,"[5, 0, 3, 2]",0,5,[5],1,7,0.3288409703504043,False,The learned policy selected page 0 because it received the highest predicted eviction score among the current resident pages. It was last accessed 1 reference ago and appeared 7 times in the recent 20-reference window. Model confidence: 32.9%.
42,116,before_shift,0,"[5, 3, 2, 1]",3,5,[5],1,5,0.3288409703504043,False,The learned policy selected page 3 because it received the highest predicted eviction score among the current resident pages. It was last accessed 1 reference ago and appeared 5 times in the recent 20-reference window. Model confidence: 32.9%.
42,120,before_shift,3,"[5, 2, 1, 0]",2,5,[5],1,5,0.3288409703504043,False,The learned policy selected page 2 because it received the highest predicted eviction score among the current resident pages. It was last accessed 1 reference ago and appeared 5 times in the recent 20-reference window. Model confidence: 32.9%.
42,123,before_shift,4,"[5, 1, 0, 3]",1,5,[5],1,6,0.3288409703504043,False,The learned policy selected page 1 because it received the highest predicted eviction score among the current resident pages. It was last accessed 1 reference ago and appeared 6 times in the recent 20-reference window. Model confidence: 32.9%.
42,125,before_shift,2,"[5, 0, 3, 4]",0,4,[4],1,5,0.3288409703504043,False,The learned policy selected page 0 because it received the highest predicted eviction score among the current resident pages. It was last accessed 1 reference ago and appeared 5 times in the recent 20-reference window. Model confidence: 32.9%.
42,127,before_shift,0,"[5, 3, 4, 2]",4,4,[4],4,1,0.3488372093023256,True,The learned policy selected page 4 because it received the highest predicted eviction score among the current resident pages. It was last accessed 4 references ago and appeared 1 time in the recent 20-reference window. Model confidence: 34.9%.
42,129,before_shift,1,"[5, 3, 2, 0]",0,5,[5],1,6,0.3288409703504043,False,The learned policy selected page 0 because it received the highest predicted eviction score among the current resident pages. It was last accessed 1 reference ago and appeared 6 times in the recent 20-reference window. Model confidence: 32.9%.
42,132,before_shift,0,"[5, 3, 2, 1]",3,5,[5],1,4,0.3288409703504043,False,The learned policy selected page 3 because it received the highest predicted eviction score among the current resident pages. It was last accessed 1 reference ago and appeared 4 times in the recent 20-reference window. Model confidence: 32.9%.
42,137,before_shift,3,"[5, 2, 1, 0]",1,5,[5],1,7,0.3288409703504043,False,The learned policy selected page 1 because it received the highest predicted eviction score among the current resident pages. It was last accessed 1 reference ago and appeared 7 times in the recent 20-reference window. Model confidence: 32.9%.
42,139,before_shift,1,"[5, 2, 0, 3]",0,5,[5],1,6,0.3288409703504043,False,The learned policy selected page 0 because it received the highest predicted eviction score among the current resident pages. It was last accessed 1 reference ago and appeared 6 times in the recent 20-reference window. Model confidence: 32.9%.
42,142,before_shift,0,"[5, 2, 3, 1]",3,5,[5],1,4,0.3288409703504043,False,The learned policy selected page 3 because it received the highest predicted eviction score among the current resident pages. It was last accessed 1 reference ago and appeared 4 times in the recent 20-reference window. Model confidence: 32.9%.
42,148,before_shift,3,"[5, 2, 1, 0]",2,2,[2],1,4,0.3288409703504043,True,The learned policy selected page 2 because it received the highest predicted eviction score among the current resident pages. It was last accessed 1 reference ago and appeared 4 times in the recent 20-reference window. Model confidence: 32.9%.
42,153,before_shift,2,"[5, 1, 0, 3]",1,5,[5],1,6,0.3288409703504043,False,The learned policy selected page 1 because it received the highest predicted eviction score among the current resident pages. It was last accessed 1 reference ago and appeared 6 times in the recent 20-reference window. Model confidence: 32.9%.
42,157,before_shift,1,"[5, 0, 3, 2]",5,5,[5],6,1,0.25,True,The learned policy selected page 5 because it received the highest predicted eviction score among the current resident pages. It was last accessed 6 references ago and appeared 1 time in the recent 20-reference window. Model confidence: 25.0%.
42,158,before_shift,4,"[0, 3, 2, 1]",1,3,[3],1,4,0.3288409703504043,False,The learned policy selected page 1 because it received the highest predicted eviction score among the current resident pages. It was last accessed 1 reference ago and appeared 4 times in the recent 20-reference window. Model confidence: 32.9%.
42,160,before_shift,1,"[0, 3, 2, 4]",4,4,[4],2,1,0.30434782608695654,True,The learned policy selected page 4 because it received the highest predicted eviction score among the current resident pages. It was last accessed 2 references ago and appeared 1 time in the recent 20-reference window. Model confidence: 30.4%.
42,198,before_shift,5,"[0, 3, 2, 1]",0,2,[2],1,6,0.3288409703504043,False,The learned policy selected page 0 because it received the highest predicted eviction score among the current resident pages. It was last accessed 1 reference ago and appeared 6 times in the recent 20-reference window. Model confidence: 32.9%.
42,199,before_shift,0,"[3, 2, 1, 5]",5,2,[2],1,1,0.4716981132075472,False,The learned policy selected page 5 because it received the highest predicted eviction score among the current resident pages. It was last accessed 1 reference ago and appeared 1 time in the recent 20-reference window. Model confidence: 47.2%.
42,201,after_shift,13,"[3, 2, 1, 0]",1,2,[2],1,6,0.3288409703504043,False,The learned policy selected page 1 because it received the highest predicted eviction score among the current resident pages. It was last accessed 1 reference ago and appeared 6 times in the recent 20-reference window. Model confidence: 32.9%.
42,203,after_shift,4,"[3, 2, 0, 13]",0,2,[2],1,6,0.3288409703504043,False,The learned policy selected page 0 because it received the highest predicted eviction score among the current resident pages. It was last accessed 1 reference ago and appeared 6 times in the recent 20-reference window. Model confidence: 32.9%.
42,204,after_shift,5,"[3, 2, 13, 4]",4,4,[4],1,1,0.4716981132075472,True,The learned policy selected page 4 because it received the highest predicted eviction score among the current resident pages. It was last accessed 1 reference ago and appeared 1 time in the recent 20-reference window. Model confidence: 47.2%.
42,206,after_shift,9,"[3, 2, 13, 5]",13,2,[2],5,1,0.3893805309734513,False,The learned policy selected page 13 because it received the highest predicted eviction score among the current resident pages. It was last accessed 5 references ago and appeared 1 time in the recent 20-reference window. Model confidence: 38.9%.
42,208,after_shift,15,"[3, 2, 5, 9]",9,2,[2],1,2,0.3592233009708738,False,The learned policy selected page 9 because it received the highest predicted eviction score among the current resident pages. It was last accessed 1 reference ago and appeared 2 times in the recent 20-reference window. Model confidence: 35.9%.
42,209,after_shift,0,"[3, 2, 5, 15]",2,2,[2],14,1,0.5,True,The learned policy selected page 2 because it received the highest predicted eviction score among the current resident pages. It was last accessed 14 references ago and appeared 1 time in the recent 20-reference window. Model confidence: 50.0%.
42,210,after_shift,10,"[3, 5, 15, 0]",0,3,[3],1,6,0.3288409703504043,False,The learned policy selected page 0 because it received the highest predicted eviction score among the current resident pages. It was last accessed 1 reference ago and appeared 6 times in the recent 20-reference window. Model confidence: 32.9%.
42,212,after_shift,9,"[3, 5, 15, 10]",15,10,[10],1,2,0.3592233009708738,False,The learned policy selected page 15 because it received the highest predicted eviction score among the current resident pages. It was last accessed 1 reference ago and appeared 2 times in the recent 20-reference window. Model confidence: 35.9%.
42,213,after_shift,13,"[3, 5, 10, 9]",10,10,[10],3,1,0.2857142857142857,True,The learned policy selected page 10 because it received the highest predicted eviction score among the current resident pages. It was last accessed 3 references ago and appeared 1 time in the recent 20-reference window. Model confidence: 28.6%.
42,214,after_shift,1,"[3, 5, 9, 13]",13,13,[13],1,2,0.3592233009708738,True,The learned policy selected page 13 because it received the highest predicted eviction score among the current resident pages. It was last accessed 1 reference ago and appeared 2 times in the recent 20-reference window. Model confidence: 35.9%.
42,215,after_shift,15,"[3, 5, 9, 1]",1,1,[1],1,2,0.3592233009708738,True,The learned policy selected page 1 because it received the highest predicted eviction score among the current resident pages. It was last accessed 1 reference ago and appeared 2 times in the recent 20-reference window. Model confidence: 35.9%.
42,220,after_shift,0,"[3, 5, 9, 15]",9,5,[5],1,5,0.3288409703504043,False,The learned policy selected page 9 because it received the highest predicted eviction score among the current resident pages. It was last accessed 1 reference ago and appeared 5 times in the recent 20-reference window. Model confidence: 32.9%.
42,221,after_shift,8,"[3, 5, 15, 0]",0,5,[5],1,3,0.27485380116959063,False,The learned policy selected page 0 because it received the highest predicted eviction score among the current resident pages. It was last accessed 1 reference ago and appeared 3 times in the recent 20-reference window. Model confidence: 27.5%.
42,222,after_shift,9,"[3, 5, 15, 8]",8,5,[5],1,1,0.4716981132075472,False,The learned policy selected page 8 because it received the highest predicted eviction score among the current resident pages. It was last accessed 1 reference ago and appeared 1 time in the recent 20-reference window. Model confidence: 47.2%.
42,223,after_shift,6,"[3, 5, 15, 9]",9,5,[5],1,6,0.3288409703504043,False,The learned policy selected page 9 because it received the highest predicted eviction score among the current resident pages. It was last accessed 1 reference ago and appeared 6 times in the recent 20-reference window. Model confidence: 32.9%.
42,224,after_shift,14,"[3, 5, 15, 6]",6,5,[5],1,1,0.4716981132075472,False,The learned policy selected page 6 because it received the highest predicted eviction score among the current resident pages. It was last accessed 1 reference ago and appeared 1 time in the recent 20-reference window. Model confidence: 47.2%.
42,225,after_shift,12,"[3, 5, 15, 14]",14,5,[5],1,1,0.4716981132075472,False,The learned policy selected page 14 because it received the highest predicted eviction score among the current resident pages. It was last accessed 1 reference ago and appeared 1 time in the recent 20-reference window. Model confidence: 47.2%.
42,226,after_shift,6,"[3, 5, 15, 12]",12,12,[12],1,1,0.4716981132075472,True,The learned policy selected page 12 because it received the highest predicted eviction score among the current resident pages. It was last accessed 1 reference ago and appeared 1 time in the recent 20-reference window. Model confidence: 47.2%.
42,228,after_shift,14,"[3, 5, 15, 6]",15,5,[5],12,4,0.4,False,The learned policy selected page 15 because it received the highest predicted eviction score among the current resident pages. It was last accessed 12 references ago and appeared 4 times in the recent 20-reference window. Model confidence: 40.0%.
42,230,after_shift,8,"[3, 5, 6, 14]",5,5,[5],13,1,0.5,True,The learned policy selected page 5 because it received the highest predicted eviction score among the current resident pages. It was last accessed 13 references ago and appeared 1 time in the recent 20-reference window. Model confidence: 50.0%.
42,234,after_shift,15,"[3, 6, 14, 8]",3,3,[3],1,1,0.4716981132075472,True,The learned policy selected page 3 because it received the highest predicted eviction score among the current resident pages. It was last accessed 1 reference ago and appeared 1 time in the recent 20-reference window. Model confidence: 47.2%.
42,235,after_shift,10,"[6, 14, 8, 15]",15,15,[15],1,3,0.27485380116959063,True,The learned policy selected page 15 because it received the highest predicted eviction score among the current resident pages. It was last accessed 1 reference ago and appeared 3 times in the recent 20-reference window. Model confidence: 27.5%.
42,238,after_shift,1,"[6, 14, 8, 10]",6,14,[14],1,6,0.3288409703504043,False,The learned policy selected page 6 because it received the highest predicted eviction score among the current resident pages. It was last accessed 1 reference ago and appeared 6 times in the recent 20-reference window. Model confidence: 32.9%.
42,239,after_shift,13,"[14, 8, 10, 1]",1,14,[14],1,1,0.4716981132075472,False,The learned policy selected page 1 because it received the highest predicted eviction score among the current resident pages. It was last accessed 1 reference ago and appeared 1 time in the recent 20-reference window. Model confidence: 47.2%.
42,240,after_shift,1,"[14, 8, 10, 13]",13,14,[14],1,1,0.4716981132075472,False,The learned policy selected page 13 because it received the highest predicted eviction score among the current resident pages. It was last accessed 1 reference ago and appeared 1 time in the recent 20-reference window. Model confidence: 47.2%.
42,243,after_shift,0,"[14, 8, 10, 1]",10,14,[14],1,4,0.3288409703504043,False,The learned policy selected page 10 because it received the highest predicted eviction score among the current resident pages. It was last accessed 1 reference ago and appeared 4 times in the recent 20-reference window. Model confidence: 32.9%.
42,246,after_shift,10,"[14, 8, 1, 0]",1,14,[14],1,4,0.3288409703504043,False,The learned policy selected page 1 because it received the highest predicted eviction score among the current resident pages. It was last accessed 1 reference ago and appeared 4 times in the recent 20-reference window. Model confidence: 32.9%.
42,248,after_shift,13,"[14, 8, 0, 10]",0,0,[0],1,2,0.3592233009708738,True,The learned policy selected page 0 because it received the highest predicted eviction score among the current resident pages. It was last accessed 1 reference ago and appeared 2 times in the recent 20-reference window. Model confidence: 35.9%.
42,250,after_shift,6,"[14, 8, 10, 13]",10,13,[13],1,6,0.3288409703504043,False,The learned policy selected page 10 because it received the highest predicted eviction score among the current resident pages. It was last accessed 1 reference ago and appeared 6 times in the recent 20-reference window. Model confidence: 32.9%.
42,251,after_shift,1,"[14, 8, 13, 6]",6,13,[13],1,3,0.27485380116959063,False,The learned policy selected page 6 because it received the highest predicted eviction score among the current resident pages. It was last accessed 1 reference ago and appeared 3 times in the recent 20-reference window. Model confidence: 27.5%.
42,253,after_shift,10,"[14, 8, 13, 1]",8,13,[13],1,1,0.4716981132075472,False,The learned policy selected page 8 because it received the highest predicted eviction score among the current resident pages. It was last accessed 1 reference ago and appeared 1 time in the recent 20-reference window. Model confidence: 47.2%.
42,254,after_shift,6,"[14, 13, 1, 10]",10,10,[10],1,7,0.3288409703504043,True,The learned policy selected page 10 because it received the highest predicted eviction score among the current resident pages. It was last accessed 1 reference ago and appeared 7 times in the recent 20-reference window. Model confidence: 32.9%.
42,257,after_shift,9,"[14, 13, 1, 6]",1,13,[13],1,6,0.3288409703504043,False,The learned policy selected page 1 because it received the highest predicted eviction score among the current resident pages. It was last accessed 1 reference ago and appeared 6 times in the recent 20-reference window. Model confidence: 32.9%.
42,259,after_shift,11,"[14, 13, 6, 9]",9,13,[13],1,2,0.3592233009708738,False,The learned policy selected page 9 because it received the highest predicted eviction score among the current resident pages. It was last accessed 1 reference ago and appeared 2 times in the recent 20-reference window. Model confidence: 35.9%.
42,260,after_shift,2,"[14, 13, 6, 11]",11,11,[11],1,1,0.4716981132075472,True,The learned policy selected page 11 because it received the highest predicted eviction score among the current resident pages. It was last accessed 1 reference ago and appeared 1 time in the recent 20-reference window. Model confidence: 47.2%.
42,262,after_shift,9,"[14, 13, 6, 2]",13,6,[6],14,1,0.5,False,The learned policy selected page 13 because it received the highest predicted eviction score among the current resident pages. It was last accessed 14 references ago and appeared 1 time in the recent 20-reference window. Model confidence: 50.0%.
42,264,after_shift,4,"[14, 6, 2, 9]",14,6,[6],1,2,0.3592233009708738,False,The learned policy selected page 14 because it received the highest predicted eviction score among the current resident pages. It was last accessed 1 reference ago and appeared 2 times in the recent 20-reference window. Model confidence: 35.9%.
42,265,after_shift,1,"[6, 2, 9, 4]",4,4,[4],1,1,0.4716981132075472,True,The learned policy selected page 4 because it received the highest predicted eviction score among the current resident pages. It was last accessed 1 reference ago and appeared 1 time in the recent 20-reference window. Model confidence: 47.2%.
42,270,after_shift,8,"[6, 2, 9, 1]",9,6,[6],1,4,0.3288409703504043,False,The learned policy selected page 9 because it received the highest predicted eviction score among the current resident pages. It was last accessed 1 reference ago and appeared 4 times in the recent 20-reference window. Model confidence: 32.9%.
42,273,after_shift,13,"[6, 2, 1, 8]",8,2,[2],2,2,0.2919254658385093,False,The learned policy selected page 8 because it received the highest predicted eviction score among the current resident pages. It was last accessed 2 references ago and appeared 2 times in the recent 20-reference window. Model confidence: 29.2%.
42,275,after_shift,9,"[6, 2, 1, 13]",6,13,[13],14,1,0.5,False,The learned policy selected page 6 because it received the highest predicted eviction score among the current resident pages. It was last accessed 14 references ago and appeared 1 time in the recent 20-reference window. Model confidence: 50.0%.
42,276,after_shift,14,"[2, 1, 13, 9]",9,13,[13],1,5,0.3288409703504043,False,The learned policy selected page 9 because it received the highest predicted eviction score among the current resident pages. It was last accessed 1 reference ago and appeared 5 times in the recent 20-reference window. Model confidence: 32.9%.
42,277,after_shift,9,"[2, 1, 13, 14]",14,13,[13],1,2,0.3592233009708738,False,The learned policy selected page 14 because it received the highest predicted eviction score among the current resident pages. It was last accessed 1 reference ago and appeared 2 times in the recent 20-reference window. Model confidence: 35.9%.
42,278,after_shift,8,"[2, 1, 13, 9]",13,13,[13],5,1,0.3893805309734513,True,The learned policy selected page 13 because it received the highest predicted eviction score among the current resident pages. It was last accessed 5 references ago and appeared 1 time in the recent 20-reference window. Model confidence: 38.9%.
42,279,after_shift,6,"[2, 1, 9, 8]",8,8,[8],1,3,0.27485380116959063,True,The learned policy selected page 8 because it received the highest predicted eviction score among the current resident pages. It was last accessed 1 reference ago and appeared 3 times in the recent 20-reference window. Model confidence: 27.5%.
42,284,after_shift,14,"[2, 1, 9, 6]",1,2,[2],10,4,0.4,False,The learned policy selected page 1 because it received the highest predicted eviction score among the current resident pages. It was last accessed 10 references ago and appeared 4 times in the recent 20-reference window. Model confidence: 40.0%.
42,285,after_shift,1,"[2, 9, 6, 14]",14,2,[2],1,2,0.3592233009708738,False,The learned policy selected page 14 because it received the highest predicted eviction score among the current resident pages. It was last accessed 1 reference ago and appeared 2 times in the recent 20-reference window. Model confidence: 35.9%.
42,287,after_shift,13,"[2, 9, 6, 1]",6,2,[2],1,4,0.3288409703504043,False,The learned policy selected page 6 because it received the highest predicted eviction score among the current resident pages. It was last accessed 1 reference ago and appeared 4 times in the recent 20-reference window. Model confidence: 32.9%.
42,288,after_shift,6,"[2, 9, 1, 13]",13,13,[13],1,2,0.3592233009708738,True,The learned policy selected page 13 because it received the highest predicted eviction score among the current resident pages. It was last accessed 1 reference ago and appeared 2 times in the recent 20-reference window. Model confidence: 35.9%.
42,289,after_shift,14,"[2, 9, 1, 6]",6,2,[2],1,5,0.3288409703504043,False,The learned policy selected page 6 because it received the highest predicted eviction score among the current resident pages. It was last accessed 1 reference ago and appeared 5 times in the recent 20-reference window. Model confidence: 32.9%.
42,294,after_shift,6,"[2, 9, 1, 14]",2,9,[9],14,1,0.5,False,The learned policy selected page 2 because it received the highest predicted eviction score among the current resident pages. It was last accessed 14 references ago and appeared 1 time in the recent 20-reference window. Model confidence: 50.0%.
42,295,after_shift,0,"[9, 1, 14, 6]",6,9,[9],1,6,0.3288409703504043,False,The learned policy selected page 6 because it received the highest predicted eviction score among the current resident pages. It was last accessed 1 reference ago and appeared 6 times in the recent 20-reference window. Model confidence: 32.9%.
42,296,after_shift,15,"[9, 1, 14, 0]",0,9,[9],1,1,0.4716981132075472,False,The learned policy selected page 0 because it received the highest predicted eviction score among the current resident pages. It was last accessed 1 reference ago and appeared 1 time in the recent 20-reference window. Model confidence: 47.2%.
42,297,after_shift,4,"[9, 1, 14, 15]",15,9,[9],1,1,0.4716981132075472,False,The learned policy selected page 15 because it received the highest predicted eviction score among the current resident pages. It was last accessed 1 reference ago and appeared 1 time in the recent 20-reference window. Model confidence: 47.2%.
42,298,after_shift,5,"[9, 1, 14, 4]",4,9,[9],1,1,0.4716981132075472,False,The learned policy selected page 4 because it received the highest predicted eviction score among the current resident pages. It was last accessed 1 reference ago and appeared 1 time in the recent 20-reference window. Model confidence: 47.2%.
42,299,after_shift,0,"[9, 1, 14, 5]",5,9,[9],1,1,0.4716981132075472,False,The learned policy selected page 5 because it received the highest predicted eviction score among the current resident pages. It was last accessed 1 reference ago and appeared 1 time in the recent 20-reference window. Model confidence: 47.2%.
42,300,after_shift,4,"[9, 1, 14, 0]",0,9,[9],1,2,0.3592233009708738,False,The learned policy selected page 0 because it received the highest predicted eviction score among the current resident pages. It was last accessed 1 reference ago and appeared 2 times in the recent 20-reference window. Model confidence: 35.9%.
42,302,after_shift,5,"[9, 1, 14, 4]",4,4,[4],1,3,0.27485380116959063,True,The learned policy selected page 4 because it received the highest predicted eviction score among the current resident pages. It was last accessed 1 reference ago and appeared 3 times in the recent 20-reference window. Model confidence: 27.5%.
42,303,after_shift,6,"[9, 1, 14, 5]",5,9,[9],1,2,0.3592233009708738,False,The learned policy selected page 5 because it received the highest predicted eviction score among the current resident pages. It was last accessed 1 reference ago and appeared 2 times in the recent 20-reference window. Model confidence: 35.9%.
42,304,after_shift,2,"[9, 1, 14, 6]",6,6,[6],1,4,0.3288409703504043,True,The learned policy selected page 6 because it received the highest predicted eviction score among the current resident pages. It was last accessed 1 reference ago and appeared 4 times in the recent 20-reference window. Model confidence: 32.9%.
42,305,after_shift,11,"[9, 1, 14, 2]",2,9,[9],1,1,0.4716981132075472,False,The learned policy selected page 2 because it received the highest predicted eviction score among the current resident pages. It was last accessed 1 reference ago and appeared 1 time in the recent 20-reference window. Model confidence: 47.2%.
42,306,after_shift,5,"[9, 1, 14, 11]",11,9,[9],1,1,0.4716981132075472,False,The learned policy selected page 11 because it received the highest predicted eviction score among the current resident pages. It was last accessed 1 reference ago and appeared 1 time in the recent 20-reference window. Model confidence: 47.2%.
42,307,after_shift,11,"[9, 1, 14, 5]",5,9,[9],1,3,0.27485380116959063,False,The learned policy selected page 5 because it received the highest predicted eviction score among the current resident pages. It was last accessed 1 reference ago and appeared 3 times in the recent 20-reference window. Model confidence: 27.5%.
42,309,after_shift,5,"[9, 1, 14, 11]",11,9,[9],1,3,0.27485380116959063,False,The learned policy selected page 11 because it received the highest predicted eviction score among the current resident pages. It was last accessed 1 reference ago and appeared 3 times in the recent 20-reference window. Model confidence: 27.5%.
42,311,after_shift,3,"[9, 1, 14, 5]",5,9,[9],1,5,0.3288409703504043,False,The learned policy selected page 5 because it received the highest predicted eviction score among the current resident pages. It was last accessed 1 reference ago and appeared 5 times in the recent 20-reference window. Model confidence: 32.9%.
42,312,after_shift,0,"[9, 1, 14, 3]",3,3,[3],1,1,0.4716981132075472,True,The learned policy selected page 3 because it received the highest predicted eviction score among the current resident pages. It was last accessed 1 reference ago and appeared 1 time in the recent 20-reference window. Model confidence: 47.2%.
42,314,after_shift,12,"[9, 1, 14, 0]",1,9,[9],1,1,0.4716981132075472,False,The learned policy selected page 1 because it received the highest predicted eviction score among the current resident pages. It was last accessed 1 reference ago and appeared 1 time in the recent 20-reference window. Model confidence: 47.2%.
42,315,after_shift,7,"[9, 14, 0, 12]",12,12,[12],1,1,0.4716981132075472,True,The learned policy selected page 12 because it received the highest predicted eviction score among the current resident pages. It was last accessed 1 reference ago and appeared 1 time in the recent 20-reference window. Model confidence: 47.2%.
42,316,after_shift,10,"[9, 14, 0, 7]",7,7,[7],1,1,0.4716981132075472,True,The learned policy selected page 7 because it received the highest predicted eviction score among the current resident pages. It was last accessed 1 reference ago and appeared 1 time in the recent 20-reference window. Model confidence: 47.2%.
42,317,after_shift,1,"[9, 14, 0, 10]",10,10,[10],1,1,0.4716981132075472,True,The learned policy selected page 10 because it received the highest predicted eviction score among the current resident pages. It was last accessed 1 reference ago and appeared 1 time in the recent 20-reference window. Model confidence: 47.2%.
42,318,after_shift,2,"[9, 14, 0, 1]",1,1,[1],1,2,0.3592233009708738,True,The learned policy selected page 1 because it received the highest predicted eviction score among the current resident pages. It was last accessed 1 reference ago and appeared 2 times in the recent 20-reference window. Model confidence: 35.9%.
42,320,after_shift,11,"[9, 14, 0, 2]",0,2,[2],1,2,0.3592233009708738,False,The learned policy selected page 0 because it received the highest predicted eviction score among the current resident pages. It was last accessed 1 reference ago and appeared 2 times in the recent 20-reference window. Model confidence: 35.9%.
42,321,after_shift,5,"[9, 14, 2, 11]",11,11,[11],1,4,0.3288409703504043,True,The learned policy selected page 11 because it received the highest predicted eviction score among the current resident pages. It was last accessed 1 reference ago and appeared 4 times in the recent 20-reference window. Model confidence: 32.9%.
42,322,after_shift,0,"[9, 14, 2, 5]",5,2,[2],1,5,0.3288409703504043,False,The learned policy selected page 5 because it received the highest predicted eviction score among the current resident pages. It was last accessed 1 reference ago and appeared 5 times in the recent 20-reference window. Model confidence: 32.9%.
42,323,after_shift,15,"[9, 14, 2, 0]",0,2,[2],1,3,0.27485380116959063,False,The learned policy selected page 0 because it received the highest predicted eviction score among the current resident pages. It was last accessed 1 reference ago and appeared 3 times in the recent 20-reference window. Model confidence: 27.5%.
42,326,after_shift,0,"[9, 14, 2, 15]",15,14,[14],1,2,0.3592233009708738,False,The learned policy selected page 15 because it received the highest predicted eviction score among the current resident pages. It was last accessed 1 reference ago and appeared 2 times in the recent 20-reference window. Model confidence: 35.9%.
42,328,after_shift,7,"[9, 14, 2, 0]",9,0,[0],1,1,0.4716981132075472,False,The learned policy selected page 9 because it received the highest predicted eviction score among the current resident pages. It was last accessed 1 reference ago and appeared 1 time in the recent 20-reference window. Model confidence: 47.2%.
42,329,after_shift,1,"[14, 2, 0, 7]",14,0,[0],5,1,0.3893805309734513,False,The learned policy selected page 14 because it received the highest predicted eviction score among the current resident pages. It was last accessed 5 references ago and appeared 1 time in the recent 20-reference window. Model confidence: 38.9%.
42,330,after_shift,5,"[2, 0, 7, 1]",7,1,[1],2,2,0.2919254658385093,False,The learned policy selected page 7 because it received the highest predicted eviction score among the current resident pages. It was last accessed 2 references ago and appeared 2 times in the recent 20-reference window. Model confidence: 29.2%.
42,331,after_shift,8,"[2, 0, 1, 5]",2,1,[1],13,1,0.5,False,The learned policy selected page 2 because it received the highest predicted eviction score among the current resident pages. It was last accessed 13 references ago and appeared 1 time in the recent 20-reference window. Model confidence: 50.0%.
42,332,after_shift,15,"[0, 1, 5, 8]",8,1,[1],1,1,0.4716981132075472,False,The learned policy selected page 8 because it received the highest predicted eviction score among the current resident pages. It was last accessed 1 reference ago and appeared 1 time in the recent 20-reference window. Model confidence: 47.2%.
42,333,after_shift,4,"[0, 1, 5, 15]",15,1,[1],1,3,0.27485380116959063,False,The learned policy selected page 15 because it received the highest predicted eviction score among the current resident pages. It was last accessed 1 reference ago and appeared 3 times in the recent 20-reference window. Model confidence: 27.5%.
42,334,after_shift,2,"[0, 1, 5, 4]",4,1,[1],1,1,0.4716981132075472,False,The learned policy selected page 4 because it received the highest predicted eviction score among the current resident pages. It was last accessed 1 reference ago and appeared 1 time in the recent 20-reference window. Model confidence: 47.2%.
42,335,after_shift,13,"[0, 1, 5, 2]",2,1,[1],1,2,0.3592233009708738,False,The learned policy selected page 2 because it received the highest predicted eviction score among the current resident pages. It was last accessed 1 reference ago and appeared 2 times in the recent 20-reference window. Model confidence: 35.9%.
42,336,after_shift,7,"[0, 1, 5, 13]",13,1,[1],1,1,0.4716981132075472,False,The learned policy selected page 13 because it received the highest predicted eviction score among the current resident pages. It was last accessed 1 reference ago and appeared 1 time in the recent 20-reference window. Model confidence: 47.2%.
42,337,after_shift,15,"[0, 1, 5, 7]",7,1,[1],1,2,0.3592233009708738,False,The learned policy selected page 7 because it received the highest predicted eviction score among the current resident pages. It was last accessed 1 reference ago and appeared 2 times in the recent 20-reference window. Model confidence: 35.9%.
42,340,after_shift,2,"[0, 1, 5, 15]",5,1,[1],1,3,0.27485380116959063,False,The learned policy selected page 5 because it received the highest predicted eviction score among the current resident pages. It was last accessed 1 reference ago and appeared 3 times in the recent 20-reference window. Model confidence: 27.5%.
42,342,after_shift,7,"[0, 1, 15, 2]",1,1,[1],13,1,0.5,True,The learned policy selected page 1 because it received the highest predicted eviction score among the current resident pages. It was last accessed 13 references ago and appeared 1 time in the recent 20-reference window. Model confidence: 50.0%.
42,346,after_shift,9,"[0, 15, 2, 7]",7,0,[0],1,4,0.3288409703504043,False,The learned policy selected page 7 because it received the highest predicted eviction score among the current resident pages. It was last accessed 1 reference ago and appeared 4 times in the recent 20-reference window. Model confidence: 32.9%.
42,349,after_shift,5,"[0, 15, 2, 9]",15,9,[9],1,5,0.3288409703504043,False,The learned policy selected page 15 because it received the highest predicted eviction score among the current resident pages. It was last accessed 1 reference ago and appeared 5 times in the recent 20-reference window. Model confidence: 32.9%.
42,352,after_shift,7,"[0, 2, 9, 5]",2,9,[9],1,7,0.3288409703504043,False,The learned policy selected page 2 because it received the highest predicted eviction score among the current resident pages. It was last accessed 1 reference ago and appeared 7 times in the recent 20-reference window. Model confidence: 32.9%.
42,353,after_shift,8,"[0, 9, 5, 7]",7,9,"[9, 7]",1,4,0.3288409703504043,True,The learned policy selected page 7 because it received the highest predicted eviction score among the current resident pages. It was last accessed 1 reference ago and appeared 4 times in the recent 20-reference window. Model confidence: 32.9%.
42,354,after_shift,14,"[0, 9, 5, 8]",8,9,[9],1,1,0.4716981132075472,False,The learned policy selected page 8 because it received the highest predicted eviction score among the current resident pages. It was last accessed 1 reference ago and appeared 1 time in the recent 20-reference window. Model confidence: 47.2%.
42,355,after_shift,15,"[0, 9, 5, 14]",14,9,[9],1,1,0.4716981132075472,False,The learned policy selected page 14 because it received the highest predicted eviction score among the current resident pages. It was last accessed 1 reference ago and appeared 1 time in the recent 20-reference window. Model confidence: 47.2%.
42,356,after_shift,8,"[0, 9, 5, 15]",15,9,[9],1,5,0.3288409703504043,False,The learned policy selected page 15 because it received the highest predicted eviction score among the current resident pages. It was last accessed 1 reference ago and appeared 5 times in the recent 20-reference window. Model confidence: 32.9%.
42,357,after_shift,13,"[0, 9, 5, 8]",8,9,[9],1,2,0.3592233009708738,False,The learned policy selected page 8 because it received the highest predicted eviction score among the current resident pages. It was last accessed 1 reference ago and appeared 2 times in the recent 20-reference window. Model confidence: 35.9%.
42,358,after_shift,4,"[0, 9, 5, 13]",13,9,"[9, 13]",1,1,0.4716981132075472,True,The learned policy selected page 13 because it received the highest predicted eviction score among the current resident pages. It was last accessed 1 reference ago and appeared 1 time in the recent 20-reference window. Model confidence: 47.2%.
42,359,after_shift,12,"[0, 9, 5, 4]",9,9,[9],13,1,0.5,True,The learned policy selected page 9 because it received the highest predicted eviction score among the current resident pages. It was last accessed 13 references ago and appeared 1 time in the recent 20-reference window. Model confidence: 50.0%.
42,361,after_shift,14,"[0, 5, 4, 12]",4,12,[12],1,2,0.3592233009708738,False,The learned policy selected page 4 because it received the highest predicted eviction score among the current resident pages. It was last accessed 1 reference ago and appeared 2 times in the recent 20-reference window. Model confidence: 35.9%.
42,363,after_shift,6,"[0, 5, 12, 14]",5,0,"[0, 14]",14,1,0.5,False,The learned policy selected page 5 because it received the highest predicted eviction score among the current resident pages. It was last accessed 14 references ago and appeared 1 time in the recent 20-reference window. Model confidence: 50.0%.
42,365,after_shift,2,"[0, 12, 14, 6]",6,0,"[0, 14]",1,2,0.3592233009708738,False,The learned policy selected page 6 because it received the highest predicted eviction score among the current resident pages. It was last accessed 1 reference ago and appeared 2 times in the recent 20-reference window. Model confidence: 35.9%.
42,366,after_shift,4,"[0, 12, 14, 2]",0,0,"[0, 14]",4,1,0.3488372093023256,True,The learned policy selected page 0 because it received the highest predicted eviction score among the current resident pages. It was last accessed 4 references ago and appeared 1 time in the recent 20-reference window. Model confidence: 34.9%.
42,367,after_shift,1,"[12, 14, 2, 4]",4,14,[14],1,3,0.27485380116959063,False,The learned policy selected page 4 because it received the highest predicted eviction score among the current resident pages. It was last accessed 1 reference ago and appeared 3 times in the recent 20-reference window. Model confidence: 27.5%.
42,368,after_shift,5,"[12, 14, 2, 1]",1,14,[14],1,1,0.4716981132075472,False,The learned policy selected page 1 because it received the highest predicted eviction score among the current resident pages. It was last accessed 1 reference ago and appeared 1 time in the recent 20-reference window. Model confidence: 47.2%.
42,369,after_shift,10,"[12, 14, 2, 5]",5,14,[14],1,2,0.3592233009708738,False,The learned policy selected page 5 because it received the highest predicted eviction score among the current resident pages. It was last accessed 1 reference ago and appeared 2 times in the recent 20-reference window. Model confidence: 35.9%.
42,370,after_shift,5,"[12, 14, 2, 10]",10,14,[14],1,1,0.4716981132075472,False,The learned policy selected page 10 because it received the highest predicted eviction score among the current resident pages. It was last accessed 1 reference ago and appeared 1 time in the recent 20-reference window. Model confidence: 47.2%.
42,371,after_shift,10,"[12, 14, 2, 5]",5,14,[14],1,2,0.3592233009708738,False,The learned policy selected page 5 because it received the highest predicted eviction score among the current resident pages. It was last accessed 1 reference ago and appeared 2 times in the recent 20-reference window. Model confidence: 35.9%.
42,373,after_shift,15,"[12, 14, 2, 10]",12,14,"[14, 2]",14,1,0.5,False,The learned policy selected page 12 because it received the highest predicted eviction score among the current resident pages. It was last accessed 14 references ago and appeared 1 time in the recent 20-reference window. Model confidence: 50.0%.
42,374,after_shift,8,"[14, 2, 10, 15]",15,14,"[14, 2, 15]",1,2,0.3592233009708738,True,The learned policy selected page 15 because it received the highest predicted eviction score among the current resident pages. It was last accessed 1 reference ago and appeared 2 times in the recent 20-reference window. Model confidence: 35.9%.
42,376,after_shift,4,"[14, 2, 10, 8]",8,14,"[14, 2]",2,2,0.2919254658385093,False,The learned policy selected page 8 because it received the highest predicted eviction score among the current resident pages. It was last accessed 2 references ago and appeared 2 times in the recent 20-reference window. Model confidence: 29.2%.
42,377,after_shift,5,"[14, 2, 10, 4]",4,14,"[14, 2]",1,4,0.3288409703504043,False,The learned policy selected page 4 because it received the highest predicted eviction score among the current resident pages. It was last accessed 1 reference ago and appeared 4 times in the recent 20-reference window. Model confidence: 32.9%.
42,378,after_shift,1,"[14, 2, 10, 5]",5,14,"[14, 2]",1,3,0.27485380116959063,False,The learned policy selected page 5 because it received the highest predicted eviction score among the current resident pages. It was last accessed 1 reference ago and appeared 3 times in the recent 20-reference window. Model confidence: 27.5%.
42,379,after_shift,11,"[14, 2, 10, 1]",1,14,"[14, 2, 1]",1,2,0.3592233009708738,True,The learned policy selected page 1 because it received the highest predicted eviction score among the current resident pages. It was last accessed 1 reference ago and appeared 2 times in the recent 20-reference window. Model confidence: 35.9%.
42,381,after_shift,5,"[14, 2, 10, 11]",11,14,"[14, 2]",1,2,0.3592233009708738,False,The learned policy selected page 11 because it received the highest predicted eviction score among the current resident pages. It was last accessed 1 reference ago and appeared 2 times in the recent 20-reference window. Model confidence: 35.9%.
42,382,after_shift,6,"[14, 2, 10, 5]",5,14,"[14, 2]",1,4,0.3288409703504043,False,The learned policy selected page 5 because it received the highest predicted eviction score among the current resident pages. It was last accessed 1 reference ago and appeared 4 times in the recent 20-reference window. Model confidence: 32.9%.
42,383,after_shift,4,"[14, 2, 10, 6]",6,14,"[14, 2]",1,3,0.27485380116959063,False,The learned policy selected page 6 because it received the highest predicted eviction score among the current resident pages. It was last accessed 1 reference ago and appeared 3 times in the recent 20-reference window. Model confidence: 27.5%.
42,384,after_shift,5,"[14, 2, 10, 4]",4,14,"[14, 2, 4]",1,3,0.27485380116959063,True,The learned policy selected page 4 because it received the highest predicted eviction score among the current resident pages. It was last accessed 1 reference ago and appeared 3 times in the recent 20-reference window. Model confidence: 27.5%.
42,386,after_shift,11,"[14, 2, 10, 5]",2,14,"[14, 2]",14,1,0.5,True,The learned policy selected page 2 because it received the highest predicted eviction score among the current resident pages. It was last accessed 14 references ago and appeared 1 time in the recent 20-reference window. Model confidence: 50.0%.
42,387,after_shift,6,"[14, 10, 5, 11]",11,14,"[14, 11]",1,3,0.27485380116959063,True,The learned policy selected page 11 because it received the highest predicted eviction score among the current resident pages. It was last accessed 1 reference ago and appeared 3 times in the recent 20-reference window. Model confidence: 27.5%.
42,392,after_shift,12,"[14, 10, 5, 6]",6,14,"[14, 5]",1,4,0.3288409703504043,False,The learned policy selected page 6 because it received the highest predicted eviction score among the current resident pages. It was last accessed 1 reference ago and appeared 4 times in the recent 20-reference window. Model confidence: 32.9%.
42,393,after_shift,6,"[14, 10, 5, 12]",12,14,"[14, 5]",1,1,0.4716981132075472,False,The learned policy selected page 12 because it received the highest predicted eviction score among the current resident pages. It was last accessed 1 reference ago and appeared 1 time in the recent 20-reference window. Model confidence: 47.2%.
42,396,after_shift,8,"[14, 10, 5, 6]",6,14,"[14, 5]",1,6,0.3288409703504043,False,The learned policy selected page 6 because it received the highest predicted eviction score among the current resident pages. It was last accessed 1 reference ago and appeared 6 times in the recent 20-reference window. Model confidence: 32.9%.
42,397,after_shift,6,"[14, 10, 5, 8]",8,14,"[14, 5, 8]",1,1,0.4716981132075472,True,The learned policy selected page 8 because it received the highest predicted eviction score among the current resident pages. It was last accessed 1 reference ago and appeared 1 time in the recent 20-reference window. Model confidence: 47.2%.
42,398,after_shift,12,"[14, 10, 5, 6]",6,14,"[14, 5, 6]",1,7,0.3288409703504043,True,The learned policy selected page 6 because it received the highest predicted eviction score among the current resident pages. It was last accessed 1 reference ago and appeared 7 times in the recent 20-reference window. Model confidence: 32.9%.
43,8,before_shift,4,"[2, 3, 1, 0]",3,3,[3],1,2,0.3592233009708738,True,The learned policy selected page 3 because it received the highest predicted eviction score among the current resident pages. It was last accessed 1 reference ago and appeared 2 times in the recent 20-reference window. Model confidence: 35.9%.
43,13,before_shift,3,"[2, 1, 0, 4]",4,2,[2],5,1,0.3893805309734513,False,The learned policy selected page 4 because it received the highest predicted eviction score among the current resident pages. It was last accessed 5 references ago and appeared 1 time in the recent 20-reference window. Model confidence: 38.9%.
43,14,before_shift,4,"[2, 1, 0, 3]",3,3,[3],1,3,0.27485380116959063,True,The learned policy selected page 3 because it received the highest predicted eviction score among the current resident pages. It was last accessed 1 reference ago and appeared 3 times in the recent 20-reference window. Model confidence: 27.5%.
43,17,before_shift,5,"[2, 1, 0, 4]",0,4,[4],1,6,0.3288409703504043,False,The learned policy selected page 0 because it received the highest predicted eviction score among the current resident pages. It was last accessed 1 reference ago and appeared 6 times in the recent 20-reference window. Model confidence: 32.9%.
43,21,before_shift,3,"[2, 1, 4, 5]",5,5,[5],2,2,0.2919254658385093,True,The learned policy selected page 5 because it received the highest predicted eviction score among the current resident pages. It was last accessed 2 references ago and appeared 2 times in the recent 20-reference window. Model confidence: 29.2%.
43,23,before_shift,0,"[2, 1, 4, 3]",1,4,[4],1,4,0.3288409703504043,False,The learned policy selected page 1 because it received the highest predicted eviction score among the current resident pages. It was last accessed 1 reference ago and appeared 4 times in the recent 20-reference window. Model confidence: 32.9%.
43,24,before_shift,1,"[2, 4, 3, 0]",0,4,[4],1,6,0.3288409703504043,False,The learned policy selected page 0 because it received the highest predicted eviction score among the current resident pages. It was last accessed 1 reference ago and appeared 6 times in the recent 20-reference window. Model confidence: 32.9%.
43,27,before_shift,0,"[2, 4, 3, 1]",3,4,[4],1,4,0.3288409703504043,False,The learned policy selected page 3 because it received the highest predicted eviction score among the current resident pages. It was last accessed 1 reference ago and appeared 4 times in the recent 20-reference window. Model confidence: 32.9%.
43,30,before_shift,3,"[2, 4, 1, 0]",2,4,[4],1,4,0.3288409703504043,False,The learned policy selected page 2 because it received the highest predicted eviction score among the current resident pages. It was last accessed 1 reference ago and appeared 4 times in the recent 20-reference window. Model confidence: 32.9%.
43,33,before_shift,2,"[4, 1, 0, 3]",1,4,[4],1,5,0.3288409703504043,False,The learned policy selected page 1 because it received the highest predicted eviction score among the current resident pages. It was last accessed 1 reference ago and appeared 5 times in the recent 20-reference window. Model confidence: 32.9%.
43,36,before_shift,1,"[4, 0, 3, 2]",0,4,[4],1,5,0.3288409703504043,False,The learned policy selected page 0 because it received the highest predicted eviction score among the current resident pages. It was last accessed 1 reference ago and appeared 5 times in the recent 20-reference window. Model confidence: 32.9%.
43,39,before_shift,0,"[4, 3, 2, 1]",3,4,[4],1,5,0.3288409703504043,False,The learned policy selected page 3 because it received the highest predicted eviction score among the current resident pages. It was last accessed 1 reference ago and appeared 5 times in the recent 20-reference window. Model confidence: 32.9%.
43,43,before_shift,3,"[4, 2, 1, 0]",0,4,[4],1,6,0.3288409703504043,False,The learned policy selected page 0 because it received the highest predicted eviction score among the current resident pages. It was last accessed 1 reference ago and appeared 6 times in the recent 20-reference window. Model confidence: 32.9%.
43,44,before_shift,0,"[4, 2, 1, 3]",3,4,[4],1,5,0.3288409703504043,False,The learned policy selected page 3 because it received the highest predicted eviction score among the current resident pages. It was last accessed 1 reference ago and appeared 5 times in the recent 20-reference window. Model confidence: 32.9%.
43,47,before_shift,3,"[4, 2, 1, 0]",2,4,[4],1,5,0.3288409703504043,False,The learned policy selected page 2 because it received the highest predicted eviction score among the current resident pages. It was last accessed 1 reference ago and appeared 5 times in the recent 20-reference window. Model confidence: 32.9%.
43,51,before_shift,2,"[4, 1, 0, 3]",1,4,[4],1,5,0.3288409703504043,False,The learned policy selected page 1 because it received the highest predicted eviction score among the current resident pages. It was last accessed 1 reference ago and appeared 5 times in the recent 20-reference window. Model confidence: 32.9%.
43,52,before_shift,1,"[4, 0, 3, 2]",2,4,[4],1,5,0.3288409703504043,False,The learned policy selected page 2 because it received the highest predicted eviction score among the current resident pages. It was last accessed 1 reference ago and appeared 5 times in the recent 20-reference window. Model confidence: 32.9%.
43,57,before_shift,2,"[4, 0, 3, 1]",1,4,[4],1,6,0.3288409703504043,False,The learned policy selected page 1 because it received the highest predicted eviction score among the current resident pages. It was last accessed 1 reference ago and appeared 6 times in the recent 20-reference window. Model confidence: 32.9%.
43,60,before_shift,1,"[4, 0, 3, 2]",0,4,[4],1,6,0.3288409703504043,False,The learned policy selected page 0 because it received the highest predicted eviction score among the current resident pages. It was last accessed 1 reference ago and appeared 6 times in the recent 20-reference window. Model confidence: 32.9%.
43,65,before_shift,0,"[4, 3, 2, 1]",1,4,[4],1,8,0.3288409703504043,False,The learned policy selected page 1 because it received the highest predicted eviction score among the current resident pages. It was last accessed 1 reference ago and appeared 8 times in the recent 20-reference window. Model confidence: 32.9%.
43,67,before_shift,1,"[4, 3, 2, 0]",0,4,[4],1,6,0.3288409703504043,False,The learned policy selected page 0 because it received the highest predicted eviction score among the current resident pages. It was last accessed 1 reference ago and appeared 6 times in the recent 20-reference window. Model confidence: 32.9%.
43,71,before_shift,0,"[4, 3, 2, 1]",3,4,[4],1,4,0.3288409703504043,False,The learned policy selected page 3 because it received the highest predicted eviction score among the current resident pages. It was last accessed 1 reference ago and appeared 4 times in the recent 20-reference window. Model confidence: 32.9%.
43,76,before_shift,3,"[4, 2, 1, 0]",2,4,[4],1,4,0.3288409703504043,False,The learned policy selected page 2 because it received the highest predicted eviction score among the current resident pages. It was last accessed 1 reference ago and appeared 4 times in the recent 20-reference window. Model confidence: 32.9%.
43,79,before_shift,2,"[4, 1, 0, 3]",1,4,[4],1,8,0.3288409703504043,False,The learned policy selected page 1 because it received the highest predicted eviction score among the current resident pages. It was last accessed 1 reference ago and appeared 8 times in the recent 20-reference window. Model confidence: 32.9%.
43,80,before_shift,1,"[4, 0, 3, 2]",2,2,[2],1,4,0.3288409703504043,True,The learned policy selected page 2 because it received the highest predicted eviction score among the current resident pages. It was last accessed 1 reference ago and appeared 4 times in the recent 20-reference window. Model confidence: 32.9%.
43,85,before_shift,2,"[4, 0, 3, 1]",4,4,[4],1,1,0.4716981132075472,True,The learned policy selected page 4 because it received the highest predicted eviction score among the current resident pages. It was last accessed 1 reference ago and appeared 1 time in the recent 20-reference window. Model confidence: 47.2%.
43,90,before_shift,5,"[0, 3, 1, 2]",1,3,[3],1,7,0.3288409703504043,False,The learned policy selected page 1 because it received the highest predicted eviction score among the current resident pages. It was last accessed 1 reference ago and appeared 7 times in the recent 20-reference window. Model confidence: 32.9%.
43,92,before_shift,1,"[0, 3, 2, 5]",0,5,[5],1,5,0.3288409703504043,False,The learned policy selected page 0 because it received the highest predicted eviction score among the current resident pages. It was last accessed 1 reference ago and appeared 5 times in the recent 20-reference window. Model confidence: 32.9%.
43,96,before_shift,0,"[3, 2, 5, 1]",3,5,[5],1,4,0.3288409703504043,False,The learned policy selected page 3 because it received the highest predicted eviction score among the current resident pages. It was last accessed 1 reference ago and appeared 4 times in the recent 20-reference window. Model confidence: 32.9%.
43,99,before_shift,3,"[2, 5, 1, 0]",2,2,[2],1,4,0.3288409703504043,True,The learned policy selected page 2 because it received the highest predicted eviction score among the current resident pages. It was last accessed 1 reference ago and appeared 4 times in the recent 20-reference window. Model confidence: 32.9%.
43,106,before_shift,2,"[5, 1, 0, 3]",5,5,[5],2,2,0.2919254658385093,True,The learned policy selected page 5 because it received the highest predicted eviction score among the current resident pages. It was last accessed 2 references ago and appeared 2 times in the recent 20-reference window. Model confidence: 29.2%.
43,113,before_shift,4,"[1, 0, 3, 2]",3,1,[1],5,3,0.2129032258064516,False,The learned policy selected page 3 because it received the highest predicted eviction score among the current resident pages. It was last accessed 5 references ago and appeared 3 times in the recent 20-reference window. Model confidence: 21.3%.
43,115,before_shift,3,"[1, 0, 2, 4]",4,4,[4],2,1,0.30434782608695654,True,The learned policy selected page 4 because it received the highest predicted eviction score among the current resident pages. It was last accessed 2 references ago and appeared 1 time in the recent 20-reference window. Model confidence: 30.4%.
43,126,before_shift,5,"[1, 0, 2, 3]",0,3,[3],1,5,0.3288409703504043,False,The learned policy selected page 0 because it received the highest predicted eviction score among the current resident pages. It was last accessed 1 reference ago and appeared 5 times in the recent 20-reference window. Model confidence: 32.9%.
43,131,before_shift,0,"[1, 2, 3, 5]",5,5,[5],5,1,0.3893805309734513,True,The learned policy selected page 5 because it received the highest predicted eviction score among the current resident pages. It was last accessed 5 references ago and appeared 1 time in the recent 20-reference window. Model confidence: 38.9%.
43,140,before_shift,4,"[1, 2, 3, 0]",1,0,[0],1,7,0.3288409703504043,False,The learned policy selected page 1 because it received the highest predicted eviction score among the current resident pages. It was last accessed 1 reference ago and appeared 7 times in the recent 20-reference window. Model confidence: 32.9%.
43,141,before_shift,1,"[2, 3, 0, 4]",4,4,[4],1,1,0.4716981132075472,True,The learned policy selected page 4 because it received the highest predicted eviction score among the current resident pages. It was last accessed 1 reference ago and appeared 1 time in the recent 20-reference window. Model confidence: 47.2%.
43,150,before_shift,4,"[2, 3, 0, 1]",3,3,[3],1,4,0.3288409703504043,True,The learned policy selected page 3 because it received the highest predicted eviction score among the current resident pages. It was last accessed 1 reference ago and appeared 4 times in the recent 20-reference window. Model confidence: 32.9%.
43,154,before_shift,3,"[2, 0, 1, 4]",2,4,[4],1,4,0.3288409703504043,False,The learned policy selected page 2 because it received the highest predicted eviction score among the current resident pages. It was last accessed 1 reference ago and appeared 4 times in the recent 20-reference window. Model confidence: 32.9%.
43,159,before_shift,2,"[0, 1, 4, 3]",1,4,[4],1,8,0.3288409703504043,False,The learned policy selected page 1 because it received the highest predicted eviction score among the current resident pages. It was last accessed 1 reference ago and appeared 8 times in the recent 20-reference window. Model confidence: 32.9%.
43,162,before_shift,1,"[0, 4, 3, 2]",0,4,[4],1,5,0.3288409703504043,False,The learned policy selected page 0 because it received the highest predicted eviction score among the current resident pages. It was last accessed 1 reference ago and appeared 5 times in the recent 20-reference window. Model confidence: 32.9%.
43,165,before_shift,0,"[4, 3, 2, 1]",3,3,[3],1,4,0.3288409703504043,True,The learned policy selected page 3 because it received the highest predicted eviction score among the current resident pages. It was last accessed 1 reference ago and appeared 4 times in the recent 20-reference window. Model confidence: 32.9%.
43,171,before_shift,3,"[4, 2, 1, 0]",4,4,[4],1,1,0.4716981132075472,True,The learned policy selected page 4 because it received the highest predicted eviction score among the current resident pages. It was last accessed 1 reference ago and appeared 1 time in the recent 20-reference window. Model confidence: 47.2%.
43,185,before_shift,5,"[2, 1, 0, 3]",0,0,[0],1,8,0.3288409703504043,True,The learned policy selected page 0 because it received the highest predicted eviction score among the current resident pages. It was last accessed 1 reference ago and appeared 8 times in the recent 20-reference window. Model confidence: 32.9%.
43,189,before_shift,0,"[2, 1, 3, 5]",5,5,[5],4,1,0.3488372093023256,True,The learned policy selected page 5 because it received the highest predicted eviction score among the current resident pages. It was last accessed 4 references ago and appeared 1 time in the recent 20-reference window. Model confidence: 34.9%.
43,201,after_shift,15,"[2, 1, 3, 0]",3,1,[1],1,4,0.3288409703504043,False,The learned policy selected page 3 because it received the highest predicted eviction score among the current resident pages. It was last accessed 1 reference ago and appeared 4 times in the recent 20-reference window. Model confidence: 32.9%.
43,203,after_shift,14,"[2, 1, 0, 15]",0,1,[1],1,8,0.3288409703504043,False,The learned policy selected page 0 because it received the highest predicted eviction score among the current resident pages. It was last accessed 1 reference ago and appeared 8 times in the recent 20-reference window. Model confidence: 32.9%.
43,204,after_shift,3,"[2, 1, 15, 14]",14,1,[1],1,1,0.4716981132075472,False,The learned policy selected page 14 because it received the highest predicted eviction score among the current resident pages. It was last accessed 1 reference ago and appeared 1 time in the recent 20-reference window. Model confidence: 47.2%.
43,205,after_shift,4,"[2, 1, 15, 3]",15,1,[1],4,1,0.3488372093023256,False,The learned policy selected page 15 because it received the highest predicted eviction score among the current resident pages. It was last accessed 4 references ago and appeared 1 time in the recent 20-reference window. Model confidence: 34.9%.
43,210,after_shift,6,"[2, 1, 3, 4]",3,4,[4],1,5,0.3288409703504043,False,The learned policy selected page 3 because it received the highest predicted eviction score among the current resident pages. It was last accessed 1 reference ago and appeared 5 times in the recent 20-reference window. Model confidence: 32.9%.
43,211,after_shift,13,"[2, 1, 4, 6]",6,4,[4],1,1,0.4716981132075472,False,The learned policy selected page 6 because it received the highest predicted eviction score among the current resident pages. It was last accessed 1 reference ago and appeared 1 time in the recent 20-reference window. Model confidence: 47.2%.
43,212,after_shift,6,"[2, 1, 4, 13]",2,4,[4],13,1,0.5,False,The learned policy selected page 2 because it received the highest predicted eviction score among the current resident pages. It was last accessed 13 references ago and appeared 1 time in the recent 20-reference window. Model confidence: 50.0%.
43,214,after_shift,3,"[1, 4, 13, 6]",13,4,[4],1,2,0.3592233009708738,False,The learned policy selected page 13 because it received the highest predicted eviction score among the current resident pages. It was last accessed 1 reference ago and appeared 2 times in the recent 20-reference window. Model confidence: 35.9%.
43,215,after_shift,8,"[1, 4, 6, 3]",3,4,[4],1,5,0.3288409703504043,False,The learned policy selected page 3 because it received the highest predicted eviction score among the current resident pages. It was last accessed 1 reference ago and appeared 5 times in the recent 20-reference window. Model confidence: 32.9%.
43,217,after_shift,15,"[1, 4, 6, 8]",8,4,[4],2,1,0.30434782608695654,False,The learned policy selected page 8 because it received the highest predicted eviction score among the current resident pages. It was last accessed 2 references ago and appeared 1 time in the recent 20-reference window. Model confidence: 30.4%.
43,218,after_shift,3,"[1, 4, 6, 15]",15,4,[4],1,2,0.3592233009708738,False,The learned policy selected page 15 because it received the highest predicted eviction score among the current resident pages. It was last accessed 1 reference ago and appeared 2 times in the recent 20-reference window. Model confidence: 35.9%.
43,221,after_shift,2,"[1, 4, 6, 3]",6,4,[4],1,5,0.3288409703504043,False,The learned policy selected page 6 because it received the highest predicted eviction score among the current resident pages. It was last accessed 1 reference ago and appeared 5 times in the recent 20-reference window. Model confidence: 32.9%.
43,222,after_shift,6,"[1, 4, 3, 2]",2,2,[2],1,1,0.4716981132075472,True,The learned policy selected page 2 because it received the highest predicted eviction score among the current resident pages. It was last accessed 1 reference ago and appeared 1 time in the recent 20-reference window. Model confidence: 47.2%.
43,223,after_shift,11,"[1, 4, 3, 6]",6,4,[4],1,6,0.3288409703504043,False,The learned policy selected page 6 because it received the highest predicted eviction score among the current resident pages. It was last accessed 1 reference ago and appeared 6 times in the recent 20-reference window. Model confidence: 32.9%.
43,224,after_shift,13,"[1, 4, 3, 11]",11,4,[4],1,1,0.4716981132075472,False,The learned policy selected page 11 because it received the highest predicted eviction score among the current resident pages. It was last accessed 1 reference ago and appeared 1 time in the recent 20-reference window. Model confidence: 47.2%.
43,225,after_shift,10,"[1, 4, 3, 13]",13,4,[4],1,3,0.27485380116959063,False,The learned policy selected page 13 because it received the highest predicted eviction score among the current resident pages. It was last accessed 1 reference ago and appeared 3 times in the recent 20-reference window. Model confidence: 27.5%.
43,226,after_shift,11,"[1, 4, 3, 10]",10,4,[4],1,1,0.4716981132075472,False,The learned policy selected page 10 because it received the highest predicted eviction score among the current resident pages. It was last accessed 1 reference ago and appeared 1 time in the recent 20-reference window. Model confidence: 47.2%.
43,228,after_shift,10,"[1, 4, 3, 11]",3,4,[4],1,5,0.3288409703504043,False,The learned policy selected page 3 because it received the highest predicted eviction score among the current resident pages. It was last accessed 1 reference ago and appeared 5 times in the recent 20-reference window. Model confidence: 32.9%.
43,229,after_shift,9,"[1, 4, 11, 10]",10,4,[4],1,2,0.3592233009708738,False,The learned policy selected page 10 because it received the highest predicted eviction score among the current resident pages. It was last accessed 1 reference ago and appeared 2 times in the recent 20-reference window. Model confidence: 35.9%.
43,230,after_shift,7,"[1, 4, 11, 9]",9,4,[4],1,1,0.4716981132075472,False,The learned policy selected page 9 because it received the highest predicted eviction score among the current resident pages. It was last accessed 1 reference ago and appeared 1 time in the recent 20-reference window. Model confidence: 47.2%.
43,231,after_shift,13,"[1, 4, 11, 7]",7,4,[4],1,1,0.4716981132075472,False,The learned policy selected page 7 because it received the highest predicted eviction score among the current resident pages. It was last accessed 1 reference ago and appeared 1 time in the recent 20-reference window. Model confidence: 47.2%.
43,232,after_shift,6,"[1, 4, 11, 13]",13,4,[4],1,3,0.27485380116959063,False,The learned policy selected page 13 because it received the highest predicted eviction score among the current resident pages. It was last accessed 1 reference ago and appeared 3 times in the recent 20-reference window. Model confidence: 27.5%.
43,233,after_shift,3,"[1, 4, 11, 6]",6,4,[4],1,5,0.3288409703504043,False,The learned policy selected page 6 because it received the highest predicted eviction score among the current resident pages. It was last accessed 1 reference ago and appeared 5 times in the recent 20-reference window. Model confidence: 32.9%.
43,234,after_shift,10,"[1, 4, 11, 3]",3,4,[4],1,4,0.3288409703504043,False,The learned policy selected page 3 because it received the highest predicted eviction score among the current resident pages. It was last accessed 1 reference ago and appeared 4 times in the recent 20-reference window. Model confidence: 32.9%.
43,235,after_shift,14,"[1, 4, 11, 10]",10,4,[4],1,3,0.27485380116959063,False,The learned policy selected page 10 because it received the highest predicted eviction score among the current resident pages. It was last accessed 1 reference ago and appeared 3 times in the recent 20-reference window. Model confidence: 27.5%.
43,237,after_shift,10,"[1, 4, 11, 14]",14,4,[4],2,1,0.30434782608695654,False,The learned policy selected page 14 because it received the highest predicted eviction score among the current resident pages. It was last accessed 2 references ago and appeared 1 time in the recent 20-reference window. Model confidence: 30.4%.
43,238,after_shift,0,"[1, 4, 11, 10]",10,4,[4],1,4,0.3288409703504043,False,The learned policy selected page 10 because it received the highest predicted eviction score among the current resident pages. It was last accessed 1 reference ago and appeared 4 times in the recent 20-reference window. Model confidence: 32.9%.
43,239,after_shift,10,"[1, 4, 11, 0]",0,4,[4],1,1,0.4716981132075472,False,The learned policy selected page 0 because it received the highest predicted eviction score among the current resident pages. It was last accessed 1 reference ago and appeared 1 time in the recent 20-reference window. Model confidence: 47.2%.
43,240,after_shift,14,"[1, 4, 11, 10]",10,4,[4],1,5,0.3288409703504043,False,The learned policy selected page 10 because it received the highest predicted eviction score among the current resident pages. It was last accessed 1 reference ago and appeared 5 times in the recent 20-reference window. Model confidence: 32.9%.
43,241,after_shift,12,"[1, 4, 11, 14]",14,4,[4],1,2,0.3592233009708738,False,The learned policy selected page 14 because it received the highest predicted eviction score among the current resident pages. It was last accessed 1 reference ago and appeared 2 times in the recent 20-reference window. Model confidence: 35.9%.
43,242,after_shift,9,"[1, 4, 11, 12]",12,4,[4],1,1,0.4716981132075472,False,The learned policy selected page 12 because it received the highest predicted eviction score among the current resident pages. It was last accessed 1 reference ago and appeared 1 time in the recent 20-reference window. Model confidence: 47.2%.
43,243,after_shift,14,"[1, 4, 11, 9]",9,4,[4],1,2,0.3592233009708738,False,The learned policy selected page 9 because it received the highest predicted eviction score among the current resident pages. It was last accessed 1 reference ago and appeared 2 times in the recent 20-reference window. Model confidence: 35.9%.
43,246,after_shift,9,"[1, 4, 11, 14]",14,4,[4],1,5,0.3288409703504043,False,The learned policy selected page 14 because it received the highest predicted eviction score among the current resident pages. It was last accessed 1 reference ago and appeared 5 times in the recent 20-reference window. Model confidence: 32.9%.
43,247,after_shift,12,"[1, 4, 11, 9]",9,4,[4],1,3,0.27485380116959063,False,The learned policy selected page 9 because it received the highest predicted eviction score among the current resident pages. It was last accessed 1 reference ago and appeared 3 times in the recent 20-reference window. Model confidence: 27.5%.
43,251,after_shift,3,"[1, 4, 11, 12]",1,11,[11],2,1,0.30434782608695654,False,The learned policy selected page 1 because it received the highest predicted eviction score among the current resident pages. It was last accessed 2 references ago and appeared 1 time in the recent 20-reference window. Model confidence: 30.4%.
43,253,after_shift,1,"[4, 11, 12, 3]",3,11,[11],1,3,0.27485380116959063,False,The learned policy selected page 3 because it received the highest predicted eviction score among the current resident pages. It was last accessed 1 reference ago and appeared 3 times in the recent 20-reference window. Model confidence: 27.5%.
43,254,after_shift,7,"[4, 11, 12, 1]",1,11,[11],1,2,0.3592233009708738,False,The learned policy selected page 1 because it received the highest predicted eviction score among the current resident pages. It was last accessed 1 reference ago and appeared 2 times in the recent 20-reference window. Model confidence: 35.9%.
43,255,after_shift,6,"[4, 11, 12, 7]",7,11,[11],1,1,0.4716981132075472,False,The learned policy selected page 7 because it received the highest predicted eviction score among the current resident pages. It was last accessed 1 reference ago and appeared 1 time in the recent 20-reference window. Model confidence: 47.2%.
43,256,after_shift,3,"[4, 11, 12, 6]",6,11,[11],1,1,0.4716981132075472,False,The learned policy selected page 6 because it received the highest predicted eviction score among the current resident pages. It was last accessed 1 reference ago and appeared 1 time in the recent 20-reference window. Model confidence: 47.2%.
43,257,after_shift,1,"[4, 11, 12, 3]",3,11,[11],1,3,0.27485380116959063,False,The learned policy selected page 3 because it received the highest predicted eviction score among the current resident pages. It was last accessed 1 reference ago and appeared 3 times in the recent 20-reference window. Model confidence: 27.5%.
43,258,after_shift,14,"[4, 11, 12, 1]",1,11,[11],1,3,0.27485380116959063,False,The learned policy selected page 1 because it received the highest predicted eviction score among the current resident pages. It was last accessed 1 reference ago and appeared 3 times in the recent 20-reference window. Model confidence: 27.5%.
43,259,after_shift,15,"[4, 11, 12, 14]",14,11,[11],1,5,0.3288409703504043,False,The learned policy selected page 14 because it received the highest predicted eviction score among the current resident pages. It was last accessed 1 reference ago and appeared 5 times in the recent 20-reference window. Model confidence: 32.9%.
43,260,after_shift,3,"[4, 11, 12, 15]",15,15,[15],1,1,0.4716981132075472,True,The learned policy selected page 15 because it received the highest predicted eviction score among the current resident pages. It was last accessed 1 reference ago and appeared 1 time in the recent 20-reference window. Model confidence: 47.2%.
43,261,after_shift,7,"[4, 11, 12, 3]",3,11,[11],1,4,0.3288409703504043,False,The learned policy selected page 3 because it received the highest predicted eviction score among the current resident pages. It was last accessed 1 reference ago and appeared 4 times in the recent 20-reference window. Model confidence: 32.9%.
43,262,after_shift,6,"[4, 11, 12, 7]",7,11,[11],1,2,0.3592233009708738,False,The learned policy selected page 7 because it received the highest predicted eviction score among the current resident pages. It was last accessed 1 reference ago and appeared 2 times in the recent 20-reference window. Model confidence: 35.9%.
43,263,after_shift,13,"[4, 11, 12, 6]",6,11,[11],1,2,0.3592233009708738,False,The learned policy selected page 6 because it received the highest predicted eviction score among the current resident pages. It was last accessed 1 reference ago and appeared 2 times in the recent 20-reference window. Model confidence: 35.9%.
43,264,after_shift,1,"[4, 11, 12, 13]",13,11,[11],1,1,0.4716981132075472,False,The learned policy selected page 13 because it received the highest predicted eviction score among the current resident pages. It was last accessed 1 reference ago and appeared 1 time in the recent 20-reference window. Model confidence: 47.2%.
43,265,after_shift,6,"[4, 11, 12, 1]",1,1,[1],1,4,0.3288409703504043,True,The learned policy selected page 1 because it received the highest predicted eviction score among the current resident pages. It was last accessed 1 reference ago and appeared 4 times in the recent 20-reference window. Model confidence: 32.9%.
43,266,after_shift,7,"[4, 11, 12, 6]",6,11,[11],1,3,0.27485380116959063,False,The learned policy selected page 6 because it received the highest predicted eviction score among the current resident pages. It was last accessed 1 reference ago and appeared 3 times in the recent 20-reference window. Model confidence: 27.5%.
43,268,after_shift,5,"[4, 11, 12, 7]",7,11,[11],1,4,0.3288409703504043,False,The learned policy selected page 7 because it received the highest predicted eviction score among the current resident pages. It was last accessed 1 reference ago and appeared 4 times in the recent 20-reference window. Model confidence: 32.9%.
43,269,after_shift,10,"[4, 11, 12, 5]",5,5,[5],1,1,0.4716981132075472,True,The learned policy selected page 5 because it received the highest predicted eviction score among the current resident pages. It was last accessed 1 reference ago and appeared 1 time in the recent 20-reference window. Model confidence: 47.2%.
43,270,after_shift,9,"[4, 11, 12, 10]",10,11,[11],1,1,0.4716981132075472,False,The learned policy selected page 10 because it received the highest predicted eviction score among the current resident pages. It was last accessed 1 reference ago and appeared 1 time in the recent 20-reference window. Model confidence: 47.2%.
43,271,after_shift,0,"[4, 11, 12, 9]",9,11,[11],1,1,0.4716981132075472,False,The learned policy selected page 9 because it received the highest predicted eviction score among the current resident pages. It was last accessed 1 reference ago and appeared 1 time in the recent 20-reference window. Model confidence: 47.2%.
43,272,after_shift,8,"[4, 11, 12, 0]",0,11,[11],1,1,0.4716981132075472,False,The learned policy selected page 0 because it received the highest predicted eviction score among the current resident pages. It was last accessed 1 reference ago and appeared 1 time in the recent 20-reference window. Model confidence: 47.2%.
43,273,after_shift,0,"[4, 11, 12, 8]",8,8,[8],1,1,0.4716981132075472,True,The learned policy selected page 8 because it received the highest predicted eviction score among the current resident pages. It was last accessed 1 reference ago and appeared 1 time in the recent 20-reference window. Model confidence: 47.2%.
43,276,after_shift,9,"[4, 11, 12, 0]",12,11,[11],1,1,0.4716981132075472,False,The learned policy selected page 12 because it received the highest predicted eviction score among the current resident pages. It was last accessed 1 reference ago and appeared 1 time in the recent 20-reference window. Model confidence: 47.2%.
43,277,after_shift,13,"[4, 11, 0, 9]",9,11,[11],1,2,0.3592233009708738,False,The learned policy selected page 9 because it received the highest predicted eviction score among the current resident pages. It was last accessed 1 reference ago and appeared 2 times in the recent 20-reference window. Model confidence: 35.9%.
43,278,after_shift,9,"[4, 11, 0, 13]",13,11,[11],1,2,0.3592233009708738,False,The learned policy selected page 13 because it received the highest predicted eviction score among the current resident pages. It was last accessed 1 reference ago and appeared 2 times in the recent 20-reference window. Model confidence: 35.9%.
43,280,after_shift,12,"[4, 11, 0, 9]",4,9,[9],1,1,0.4716981132075472,False,The learned policy selected page 4 because it received the highest predicted eviction score among the current resident pages. It was last accessed 1 reference ago and appeared 1 time in the recent 20-reference window. Model confidence: 47.2%.
43,281,after_shift,13,"[11, 0, 9, 12]",12,9,[9],1,2,0.3592233009708738,False,The learned policy selected page 12 because it received the highest predicted eviction score among the current resident pages. It was last accessed 1 reference ago and appeared 2 times in the recent 20-reference window. Model confidence: 35.9%.
43,282,after_shift,3,"[11, 0, 9, 13]",13,9,[9],1,3,0.27485380116959063,False,The learned policy selected page 13 because it received the highest predicted eviction score among the current resident pages. It was last accessed 1 reference ago and appeared 3 times in the recent 20-reference window. Model confidence: 27.5%.
43,283,after_shift,13,"[11, 0, 9, 3]",3,9,[9],1,1,0.4716981132075472,False,The learned policy selected page 3 because it received the highest predicted eviction score among the current resident pages. It was last accessed 1 reference ago and appeared 1 time in the recent 20-reference window. Model confidence: 47.2%.
43,287,after_shift,10,"[11, 0, 9, 13]",0,9,[9],1,4,0.3288409703504043,False,The learned policy selected page 0 because it received the highest predicted eviction score among the current resident pages. It was last accessed 1 reference ago and appeared 4 times in the recent 20-reference window. Model confidence: 32.9%.
43,288,after_shift,4,"[11, 9, 13, 10]",10,10,[10],1,2,0.3592233009708738,True,The learned policy selected page 10 because it received the highest predicted eviction score among the current resident pages. It was last accessed 1 reference ago and appeared 2 times in the recent 20-reference window. Model confidence: 35.9%.
43,290,after_shift,6,"[11, 9, 13, 4]",4,9,[9],1,3,0.27485380116959063,False,The learned policy selected page 4 because it received the highest predicted eviction score among the current resident pages. It was last accessed 1 reference ago and appeared 3 times in the recent 20-reference window. Model confidence: 27.5%.
43,291,after_shift,4,"[11, 9, 13, 6]",6,9,[9],1,1,0.4716981132075472,False,The learned policy selected page 6 because it received the highest predicted eviction score among the current resident pages. It was last accessed 1 reference ago and appeared 1 time in the recent 20-reference window. Model confidence: 47.2%.
43,292,after_shift,7,"[11, 9, 13, 4]",4,9,[9],1,4,0.3288409703504043,False,The learned policy selected page 4 because it received the highest predicted eviction score among the current resident pages. It was last accessed 1 reference ago and appeared 4 times in the recent 20-reference window. Model confidence: 32.9%.
43,293,after_shift,14,"[11, 9, 13, 7]",7,9,[9],1,1,0.4716981132075472,False,The learned policy selected page 7 because it received the highest predicted eviction score among the current resident pages. It was last accessed 1 reference ago and appeared 1 time in the recent 20-reference window. Model confidence: 47.2%.
43,295,after_shift,6,"[11, 9, 13, 14]",11,9,[9],1,1,0.4716981132075472,False,The learned policy selected page 11 because it received the highest predicted eviction score among the current resident pages. It was last accessed 1 reference ago and appeared 1 time in the recent 20-reference window. Model confidence: 47.2%.
43,298,after_shift,4,"[9, 13, 14, 6]",13,9,[9],13,4,0.4,False,The learned policy selected page 13 because it received the highest predicted eviction score among the current resident pages. It was last accessed 13 references ago and appeared 4 times in the recent 20-reference window. Model confidence: 40.0%.
43,300,after_shift,13,"[9, 14, 6, 4]",14,9,[9],1,4,0.3288409703504043,False,The learned policy selected page 14 because it received the highest predicted eviction score among the current resident pages. It was last accessed 1 reference ago and appeared 4 times in the recent 20-reference window. Model confidence: 32.9%.
43,301,after_shift,8,"[9, 6, 4, 13]",13,9,[9],1,5,0.3288409703504043,False,The learned policy selected page 13 because it received the highest predicted eviction score among the current resident pages. It was last accessed 1 reference ago and appeared 5 times in the recent 20-reference window. Model confidence: 32.9%.
43,304,after_shift,11,"[9, 6, 4, 8]",8,8,[8],3,1,0.2857142857142857,True,The learned policy selected page 8 because it received the highest predicted eviction score among the current resident pages. It was last accessed 3 references ago and appeared 1 time in the recent 20-reference window. Model confidence: 28.6%.
43,305,after_shift,14,"[9, 6, 4, 11]",11,9,[9],1,2,0.3592233009708738,False,The learned policy selected page 11 because it received the highest predicted eviction score among the current resident pages. It was last accessed 1 reference ago and appeared 2 times in the recent 20-reference window. Model confidence: 35.9%.
43,306,after_shift,0,"[9, 6, 4, 14]",14,9,[9],1,5,0.3288409703504043,False,The learned policy selected page 14 because it received the highest predicted eviction score among the current resident pages. It was last accessed 1 reference ago and appeared 5 times in the recent 20-reference window. Model confidence: 32.9%.
43,307,after_shift,11,"[9, 6, 4, 0]",0,0,[0],1,1,0.4716981132075472,True,The learned policy selected page 0 because it received the highest predicted eviction score among the current resident pages. It was last accessed 1 reference ago and appeared 1 time in the recent 20-reference window. Model confidence: 47.2%.
43,309,after_shift,5,"[9, 6, 4, 11]",11,11,[11],1,4,0.3288409703504043,True,The learned policy selected page 11 because it received the highest predicted eviction score among the current resident pages. It was last accessed 1 reference ago and appeared 4 times in the recent 20-reference window. Model confidence: 32.9%.
43,311,after_shift,14,"[9, 6, 4, 5]",5,9,[9],2,1,0.30434782608695654,False,The learned policy selected page 5 because it received the highest predicted eviction score among the current resident pages. It was last accessed 2 references ago and appeared 1 time in the recent 20-reference window. Model confidence: 30.4%.
43,313,after_shift,12,"[9, 6, 4, 14]",14,9,[9],1,7,0.3288409703504043,False,The learned policy selected page 14 because it received the highest predicted eviction score among the current resident pages. It was last accessed 1 reference ago and appeared 7 times in the recent 20-reference window. Model confidence: 32.9%.
43,315,after_shift,13,"[9, 6, 4, 12]",6,9,[9],1,4,0.3288409703504043,False,The learned policy selected page 6 because it received the highest predicted eviction score among the current resident pages. It was last accessed 1 reference ago and appeared 4 times in the recent 20-reference window. Model confidence: 32.9%.
43,316,after_shift,6,"[9, 4, 12, 13]",13,9,[9],1,2,0.3592233009708738,False,The learned policy selected page 13 because it received the highest predicted eviction score among the current resident pages. It was last accessed 1 reference ago and appeared 2 times in the recent 20-reference window. Model confidence: 35.9%.
43,318,after_shift,13,"[9, 4, 12, 6]",12,6,[6],1,2,0.3592233009708738,False,The learned policy selected page 12 because it received the highest predicted eviction score among the current resident pages. It was last accessed 1 reference ago and appeared 2 times in the recent 20-reference window. Model confidence: 35.9%.
43,319,after_shift,12,"[9, 4, 6, 13]",13,6,[6],1,3,0.27485380116959063,False,The learned policy selected page 13 because it received the highest predicted eviction score among the current resident pages. It was last accessed 1 reference ago and appeared 3 times in the recent 20-reference window. Model confidence: 27.5%.
43,321,after_shift,7,"[9, 4, 6, 12]",12,6,[6],1,4,0.3288409703504043,False,The learned policy selected page 12 because it received the highest predicted eviction score among the current resident pages. It was last accessed 1 reference ago and appeared 4 times in the recent 20-reference window. Model confidence: 32.9%.
43,322,after_shift,13,"[9, 4, 6, 7]",7,6,[6],1,1,0.4716981132075472,False,The learned policy selected page 7 because it received the highest predicted eviction score among the current resident pages. It was last accessed 1 reference ago and appeared 1 time in the recent 20-reference window. Model confidence: 47.2%.
43,323,after_shift,12,"[9, 4, 6, 13]",13,13,[13],1,3,0.27485380116959063,True,The learned policy selected page 13 because it received the highest predicted eviction score among the current resident pages. It was last accessed 1 reference ago and appeared 3 times in the recent 20-reference window. Model confidence: 27.5%.
43,324,after_shift,14,"[9, 4, 6, 12]",12,6,[6],1,5,0.3288409703504043,False,The learned policy selected page 12 because it received the highest predicted eviction score among the current resident pages. It was last accessed 1 reference ago and appeared 5 times in the recent 20-reference window. Model confidence: 32.9%.
43,325,after_shift,12,"[9, 4, 6, 14]",14,6,[6],1,4,0.3288409703504043,False,The learned policy selected page 14 because it received the highest predicted eviction score among the current resident pages. It was last accessed 1 reference ago and appeared 4 times in the recent 20-reference window. Model confidence: 32.9%.
43,326,after_shift,5,"[9, 4, 6, 12]",12,12,[12],1,6,0.3288409703504043,True,The learned policy selected page 12 because it received the highest predicted eviction score among the current resident pages. It was last accessed 1 reference ago and appeared 6 times in the recent 20-reference window. Model confidence: 32.9%.
43,328,after_shift,2,"[9, 4, 6, 5]",5,6,[6],1,3,0.27485380116959063,False,The learned policy selected page 5 because it received the highest predicted eviction score among the current resident pages. It was last accessed 1 reference ago and appeared 3 times in the recent 20-reference window. Model confidence: 27.5%.
43,329,after_shift,7,"[9, 4, 6, 2]",2,6,[6],1,1,0.4716981132075472,False,The learned policy selected page 2 because it received the highest predicted eviction score among the current resident pages. It was last accessed 1 reference ago and appeared 1 time in the recent 20-reference window. Model confidence: 47.2%.
43,330,after_shift,2,"[9, 4, 6, 7]",7,6,[6],1,2,0.3592233009708738,False,The learned policy selected page 7 because it received the highest predicted eviction score among the current resident pages. It was last accessed 1 reference ago and appeared 2 times in the recent 20-reference window. Model confidence: 35.9%.
43,332,after_shift,15,"[9, 4, 6, 2]",2,6,[6],1,3,0.27485380116959063,False,The learned policy selected page 2 because it received the highest predicted eviction score among the current resident pages. It was last accessed 1 reference ago and appeared 3 times in the recent 20-reference window. Model confidence: 27.5%.
43,334,after_shift,1,"[9, 4, 6, 15]",15,6,[6],1,2,0.3592233009708738,False,The learned policy selected page 15 because it received the highest predicted eviction score among the current resident pages. It was last accessed 1 reference ago and appeared 2 times in the recent 20-reference window. Model confidence: 35.9%.
43,335,after_shift,15,"[9, 4, 6, 1]",1,6,[6],1,1,0.4716981132075472,False,The learned policy selected page 1 because it received the highest predicted eviction score among the current resident pages. It was last accessed 1 reference ago and appeared 1 time in the recent 20-reference window. Model confidence: 47.2%.
43,337,after_shift,2,"[9, 4, 6, 15]",4,4,[4],1,1,0.4716981132075472,True,The learned policy selected page 4 because it received the highest predicted eviction score among the current resident pages. It was last accessed 1 reference ago and appeared 1 time in the recent 20-reference window. Model confidence: 47.2%.
43,339,after_shift,1,"[9, 6, 15, 2]",2,2,[2],1,5,0.3288409703504043,True,The learned policy selected page 2 because it received the highest predicted eviction score among the current resident pages. It was last accessed 1 reference ago and appeared 5 times in the recent 20-reference window. Model confidence: 32.9%.
43,341,after_shift,14,"[9, 6, 15, 1]",15,6,[6],1,4,0.3288409703504043,False,The learned policy selected page 15 because it received the highest predicted eviction score among the current resident pages. It was last accessed 1 reference ago and appeared 4 times in the recent 20-reference window. Model confidence: 32.9%.
43,343,after_shift,15,"[9, 6, 1, 14]",14,6,[6],2,2,0.2919254658385093,False,The learned policy selected page 14 because it received the highest predicted eviction score among the current resident pages. It was last accessed 2 references ago and appeared 2 times in the recent 20-reference window. Model confidence: 29.2%.
43,345,after_shift,7,"[9, 6, 1, 15]",1,6,[6],1,4,0.3288409703504043,False,The learned policy selected page 1 because it received the highest predicted eviction score among the current resident pages. It was last accessed 1 reference ago and appeared 4 times in the recent 20-reference window. Model confidence: 32.9%.
43,346,after_shift,14,"[9, 6, 15, 7]",7,6,[6],1,2,0.3592233009708738,False,The learned policy selected page 7 because it received the highest predicted eviction score among the current resident pages. It was last accessed 1 reference ago and appeared 2 times in the recent 20-reference window. Model confidence: 35.9%.
43,348,after_shift,1,"[9, 6, 15, 14]",14,6,[6],1,3,0.27485380116959063,False,The learned policy selected page 14 because it received the highest predicted eviction score among the current resident pages. It was last accessed 1 reference ago and appeared 3 times in the recent 20-reference window. Model confidence: 27.5%.
43,349,after_shift,7,"[9, 6, 15, 1]",1,1,[1],1,5,0.3288409703504043,True,The learned policy selected page 1 because it received the highest predicted eviction score among the current resident pages. It was last accessed 1 reference ago and appeared 5 times in the recent 20-reference window. Model confidence: 32.9%.
43,352,after_shift,5,"[9, 6, 15, 7]",15,7,[7],1,7,0.3288409703504043,False,The learned policy selected page 15 because it received the highest predicted eviction score among the current resident pages. It was last accessed 1 reference ago and appeared 7 times in the recent 20-reference window. Model confidence: 32.9%.
43,353,after_shift,3,"[9, 6, 7, 5]",5,7,[7],1,1,0.4716981132075472,False,The learned policy selected page 5 because it received the highest predicted eviction score among the current resident pages. It was last accessed 1 reference ago and appeared 1 time in the recent 20-reference window. Model confidence: 47.2%.
43,356,after_shift,15,"[9, 6, 7, 3]",3,3,[3],1,3,0.27485380116959063,True,The learned policy selected page 3 because it received the highest predicted eviction score among the current resident pages. It was last accessed 1 reference ago and appeared 3 times in the recent 20-reference window. Model confidence: 27.5%.
43,357,after_shift,5,"[9, 6, 7, 15]",15,15,[15],1,5,0.3288409703504043,True,The learned policy selected page 15 because it received the highest predicted eviction score among the current resident pages. It was last accessed 1 reference ago and appeared 5 times in the recent 20-reference window. Model confidence: 32.9%.
43,358,after_shift,14,"[9, 6, 7, 5]",5,7,[7],1,2,0.3592233009708738,False,The learned policy selected page 5 because it received the highest predicted eviction score among the current resident pages. It was last accessed 1 reference ago and appeared 2 times in the recent 20-reference window. Model confidence: 35.9%.
43,361,after_shift,5,"[9, 6, 7, 14]",6,6,[6],1,1,0.4716981132075472,True,The learned policy selected page 6 because it received the highest predicted eviction score among the current resident pages. It was last accessed 1 reference ago and appeared 1 time in the recent 20-reference window. Model confidence: 47.2%.
43,367,after_shift,3,"[9, 7, 14, 5]",5,9,"[9, 7]",1,6,0.3288409703504043,False,The learned policy selected page 5 because it received the highest predicted eviction score among the current resident pages. It was last accessed 1 reference ago and appeared 6 times in the recent 20-reference window. Model confidence: 32.9%.
43,368,after_shift,2,"[9, 7, 14, 3]",3,9,"[9, 7]",1,4,0.3288409703504043,False,The learned policy selected page 3 because it received the highest predicted eviction score among the current resident pages. It was last accessed 1 reference ago and appeared 4 times in the recent 20-reference window. Model confidence: 32.9%.
43,369,after_shift,5,"[9, 7, 14, 2]",2,9,"[9, 7]",1,1,0.4716981132075472,False,The learned policy selected page 2 because it received the highest predicted eviction score among the current resident pages. It was last accessed 1 reference ago and appeared 1 time in the recent 20-reference window. Model confidence: 47.2%.
43,370,after_shift,3,"[9, 7, 14, 5]",5,9,"[9, 7]",1,7,0.3288409703504043,False,The learned policy selected page 5 because it received the highest predicted eviction score among the current resident pages. It was last accessed 1 reference ago and appeared 7 times in the recent 20-reference window. Model confidence: 32.9%.
43,372,after_shift,8,"[9, 7, 14, 3]",14,9,"[9, 7]",14,1,0.5,False,The learned policy selected page 14 because it received the highest predicted eviction score among the current resident pages. It was last accessed 14 references ago and appeared 1 time in the recent 20-reference window. Model confidence: 50.0%.
43,373,after_shift,4,"[9, 7, 3, 8]",8,9,"[9, 7]",1,1,0.4716981132075472,False,The learned policy selected page 8 because it received the highest predicted eviction score among the current resident pages. It was last accessed 1 reference ago and appeared 1 time in the recent 20-reference window. Model confidence: 47.2%.
43,374,after_shift,2,"[9, 7, 3, 4]",4,9,"[9, 7]",1,1,0.4716981132075472,False,The learned policy selected page 4 because it received the highest predicted eviction score among the current resident pages. It was last accessed 1 reference ago and appeared 1 time in the recent 20-reference window. Model confidence: 47.2%.
43,375,after_shift,5,"[9, 7, 3, 2]",7,9,"[9, 7]",13,1,0.5,True,The learned policy selected page 7 because it received the highest predicted eviction score among the current resident pages. It was last accessed 13 references ago and appeared 1 time in the recent 20-reference window. Model confidence: 50.0%.
43,376,after_shift,11,"[9, 3, 2, 5]",5,9,"[9, 5]",1,7,0.3288409703504043,True,The learned policy selected page 5 because it received the highest predicted eviction score among the current resident pages. It was last accessed 1 reference ago and appeared 7 times in the recent 20-reference window. Model confidence: 32.9%.
43,379,after_shift,8,"[9, 3, 2, 11]",11,9,[9],1,3,0.27485380116959063,False,The learned policy selected page 11 because it received the highest predicted eviction score among the current resident pages. It was last accessed 1 reference ago and appeared 3 times in the recent 20-reference window. Model confidence: 27.5%.
43,380,after_shift,15,"[9, 3, 2, 8]",8,9,[9],1,2,0.3592233009708738,False,The learned policy selected page 8 because it received the highest predicted eviction score among the current resident pages. It was last accessed 1 reference ago and appeared 2 times in the recent 20-reference window. Model confidence: 35.9%.
43,381,after_shift,11,"[9, 3, 2, 15]",15,9,[9],1,1,0.4716981132075472,False,The learned policy selected page 15 because it received the highest predicted eviction score among the current resident pages. It was last accessed 1 reference ago and appeared 1 time in the recent 20-reference window. Model confidence: 47.2%.
43,383,after_shift,15,"[9, 3, 2, 11]",2,9,"[9, 11]",1,3,0.27485380116959063,False,The learned policy selected page 2 because it received the highest predicted eviction score among the current resident pages. It was last accessed 1 reference ago and appeared 3 times in the recent 20-reference window. Model confidence: 27.5%.
43,384,after_shift,2,"[9, 3, 11, 15]",15,9,"[9, 11]",1,2,0.3592233009708738,False,The learned policy selected page 15 because it received the highest predicted eviction score among the current resident pages. It was last accessed 1 reference ago and appeared 2 times in the recent 20-reference window. Model confidence: 35.9%.
43,385,after_shift,4,"[9, 3, 11, 2]",2,9,"[9, 11]",1,4,0.3288409703504043,False,The learned policy selected page 2 because it received the highest predicted eviction score among the current resident pages. It was last accessed 1 reference ago and appeared 4 times in the recent 20-reference window. Model confidence: 32.9%.
43,386,after_shift,10,"[9, 3, 11, 4]",4,9,"[9, 11, 4]",1,2,0.3592233009708738,True,The learned policy selected page 4 because it received the highest predicted eviction score among the current resident pages. It was last accessed 1 reference ago and appeared 2 times in the recent 20-reference window. Model confidence: 35.9%.
43,387,after_shift,2,"[9, 3, 11, 10]",10,9,"[9, 11, 10]",1,1,0.4716981132075472,True,The learned policy selected page 10 because it received the highest predicted eviction score among the current resident pages. It was last accessed 1 reference ago and appeared 1 time in the recent 20-reference window. Model confidence: 47.2%.
43,388,after_shift,0,"[9, 3, 11, 2]",2,9,"[9, 11]",1,5,0.3288409703504043,False,The learned policy selected page 2 because it received the highest predicted eviction score among the current resident pages. It was last accessed 1 reference ago and appeared 5 times in the recent 20-reference window. Model confidence: 32.9%.
43,390,after_shift,14,"[9, 3, 11, 0]",0,9,"[9, 11]",2,1,0.30434782608695654,False,The learned policy selected page 0 because it received the highest predicted eviction score among the current resident pages. It was last accessed 2 references ago and appeared 1 time in the recent 20-reference window. Model confidence: 30.4%.
43,391,after_shift,2,"[9, 3, 11, 14]",14,9,"[9, 11, 14]",1,1,0.4716981132075472,True,The learned policy selected page 14 because it received the highest predicted eviction score among the current resident pages. It was last accessed 1 reference ago and appeared 1 time in the recent 20-reference window. Model confidence: 47.2%.
43,393,after_shift,0,"[9, 3, 11, 2]",11,9,"[9, 11, 2]",12,4,0.4,True,The learned policy selected page 11 because it received the highest predicted eviction score among the current resident pages. It was last accessed 12 references ago and appeared 4 times in the recent 20-reference window. Model confidence: 40.0%.
43,394,after_shift,15,"[9, 3, 2, 0]",0,9,"[9, 2, 0]",1,2,0.3592233009708738,True,The learned policy selected page 0 because it received the highest predicted eviction score among the current resident pages. It was last accessed 1 reference ago and appeared 2 times in the recent 20-reference window. Model confidence: 35.9%.
43,397,after_shift,12,"[9, 3, 2, 15]",3,9,"[9, 3, 2, 15]",1,4,0.3288409703504043,True,The learned policy selected page 3 because it received the highest predicted eviction score among the current resident pages. It was last accessed 1 reference ago and appeared 4 times in the recent 20-reference window. Model confidence: 32.9%.
43,398,after_shift,8,"[9, 2, 15, 12]",12,9,"[9, 2, 15, 12]",1,1,0.4716981132075472,True,The learned policy selected page 12 because it received the highest predicted eviction score among the current resident pages. It was last accessed 1 reference ago and appeared 1 time in the recent 20-reference window. Model confidence: 47.2%.
43,399,after_shift,1,"[9, 2, 15, 8]",8,9,"[9, 2, 15, 8]",1,2,0.3592233009708738,True,The learned policy selected page 8 because it received the highest predicted eviction score among the current resident pages. It was last accessed 1 reference ago and appeared 2 times in the recent 20-reference window. Model confidence: 35.9%.
44,5,before_shift,1,"[2, 3, 4, 0]",2,0,[0],5,1,0.3893805309734513,False,The learned policy selected page 2 because it received the highest predicted eviction score among the current resident pages. It was last accessed 5 references ago and appeared 1 time in the recent 20-reference window. Model confidence: 38.9%.
44,6,before_shift,2,"[3, 4, 0, 1]",1,1,[1],1,1,0.4716981132075472,True,The learned policy selected page 1 because it received the highest predicted eviction score among the current resident pages. It was last accessed 1 reference ago and appeared 1 time in the recent 20-reference window. Model confidence: 47.2%.
44,10,before_shift,1,"[3, 4, 0, 2]",4,4,[4],2,2,0.2919254658385093,True,The learned policy selected page 4 because it received the highest predicted eviction score among the current resident pages. It was last accessed 2 references ago and appeared 2 times in the recent 20-reference window. Model confidence: 29.2%.
44,22,before_shift,5,"[3, 0, 2, 1]",0,3,[3],1,5,0.3288409703504043,False,The learned policy selected page 0 because it received the highest predicted eviction score among the current resident pages. It was last accessed 1 reference ago and appeared 5 times in the recent 20-reference window. Model confidence: 32.9%.
44,24,before_shift,0,"[3, 2, 1, 5]",1,5,[5],1,8,0.3288409703504043,False,The learned policy selected page 1 because it received the highest predicted eviction score among the current resident pages. It was last accessed 1 reference ago and appeared 8 times in the recent 20-reference window. Model confidence: 32.9%.
44,27,before_shift,1,"[3, 2, 5, 0]",5,5,[5],5,1,0.3893805309734513,True,The learned policy selected page 5 because it received the highest predicted eviction score among the current resident pages. It was last accessed 5 references ago and appeared 1 time in the recent 20-reference window. Model confidence: 38.9%.
44,30,before_shift,4,"[3, 2, 0, 1]",0,1,[1],2,4,0.27472527472527475,False,The learned policy selected page 0 because it received the highest predicted eviction score among the current resident pages. It was last accessed 2 references ago and appeared 4 times in the recent 20-reference window. Model confidence: 27.5%.
44,33,before_shift,0,"[3, 2, 1, 4]",3,3,[3],1,4,0.3288409703504043,True,The learned policy selected page 3 because it received the highest predicted eviction score among the current resident pages. It was last accessed 1 reference ago and appeared 4 times in the recent 20-reference window. Model confidence: 32.9%.
44,43,before_shift,3,"[2, 1, 4, 0]",2,4,[4],1,3,0.27485380116959063,False,The learned policy selected page 2 because it received the highest predicted eviction score among the current resident pages. It was last accessed 1 reference ago and appeared 3 times in the recent 20-reference window. Model confidence: 27.5%.
44,47,before_shift,2,"[1, 4, 0, 3]",0,4,[4],1,7,0.3288409703504043,False,The learned policy selected page 0 because it received the highest predicted eviction score among the current resident pages. It was last accessed 1 reference ago and appeared 7 times in the recent 20-reference window. Model confidence: 32.9%.
44,49,before_shift,0,"[1, 4, 3, 2]",3,3,[3],1,3,0.27485380116959063,True,The learned policy selected page 3 because it received the highest predicted eviction score among the current resident pages. It was last accessed 1 reference ago and appeared 3 times in the recent 20-reference window. Model confidence: 27.5%.
44,54,before_shift,3,"[1, 4, 2, 0]",4,4,[4],1,2,0.3592233009708738,True,The learned policy selected page 4 because it received the highest predicted eviction score among the current resident pages. It was last accessed 1 reference ago and appeared 2 times in the recent 20-reference window. Model confidence: 35.9%.
44,71,before_shift,5,"[1, 2, 0, 3]",0,0,[0],1,7,0.3288409703504043,True,The learned policy selected page 0 because it received the highest predicted eviction score among the current resident pages. It was last accessed 1 reference ago and appeared 7 times in the recent 20-reference window. Model confidence: 32.9%.
44,76,before_shift,0,"[1, 2, 3, 5]",5,5,[5],5,1,0.3893805309734513,True,The learned policy selected page 5 because it received the highest predicted eviction score among the current resident pages. It was last accessed 5 references ago and appeared 1 time in the recent 20-reference window. Model confidence: 38.9%.
44,108,before_shift,5,"[1, 2, 3, 0]",1,3,[3],1,7,0.3288409703504043,False,The learned policy selected page 1 because it received the highest predicted eviction score among the current resident pages. It was last accessed 1 reference ago and appeared 7 times in the recent 20-reference window. Model confidence: 32.9%.
44,110,before_shift,1,"[2, 3, 0, 5]",0,5,[5],1,5,0.3288409703504043,False,The learned policy selected page 0 because it received the highest predicted eviction score among the current resident pages. It was last accessed 1 reference ago and appeared 5 times in the recent 20-reference window. Model confidence: 32.9%.
44,111,before_shift,0,"[2, 3, 5, 1]",1,5,[5],1,7,0.3288409703504043,False,The learned policy selected page 1 because it received the highest predicted eviction score among the current resident pages. It was last accessed 1 reference ago and appeared 7 times in the recent 20-reference window. Model confidence: 32.9%.
44,115,before_shift,1,"[2, 3, 5, 0]",0,5,[5],1,6,0.3288409703504043,False,The learned policy selected page 0 because it received the highest predicted eviction score among the current resident pages. It was last accessed 1 reference ago and appeared 6 times in the recent 20-reference window. Model confidence: 32.9%.
44,116,before_shift,0,"[2, 3, 5, 1]",1,5,[5],1,7,0.3288409703504043,False,The learned policy selected page 1 because it received the highest predicted eviction score among the current resident pages. It was last accessed 1 reference ago and appeared 7 times in the recent 20-reference window. Model confidence: 32.9%.
44,119,before_shift,1,"[2, 3, 5, 0]",3,5,[5],1,4,0.3288409703504043,False,The learned policy selected page 3 because it received the highest predicted eviction score among the current resident pages. It was last accessed 1 reference ago and appeared 4 times in the recent 20-reference window. Model confidence: 32.9%.
44,120,before_shift,4,"[2, 5, 0, 1]",1,5,[5],1,6,0.3288409703504043,False,The learned policy selected page 1 because it received the highest predicted eviction score among the current resident pages. It was last accessed 1 reference ago and appeared 6 times in the recent 20-reference window. Model confidence: 32.9%.
44,122,before_shift,1,"[2, 5, 0, 4]",5,5,[5],14,1,0.5,True,The learned policy selected page 5 because it received the highest predicted eviction score among the current resident pages. It was last accessed 14 references ago and appeared 1 time in the recent 20-reference window. Model confidence: 50.0%.
44,126,before_shift,3,"[2, 0, 4, 1]",2,4,[4],1,3,0.27485380116959063,False,The learned policy selected page 2 because it received the highest predicted eviction score among the current resident pages. It was last accessed 1 reference ago and appeared 3 times in the recent 20-reference window. Model confidence: 27.5%.
44,129,before_shift,2,"[0, 4, 1, 3]",1,1,[1],1,5,0.3288409703504043,True,The learned policy selected page 1 because it received the highest predicted eviction score among the current resident pages. It was last accessed 1 reference ago and appeared 5 times in the recent 20-reference window. Model confidence: 32.9%.
44,133,before_shift,1,"[0, 4, 3, 2]",0,4,[4],1,7,0.3288409703504043,False,The learned policy selected page 0 because it received the highest predicted eviction score among the current resident pages. It was last accessed 1 reference ago and appeared 7 times in the recent 20-reference window. Model confidence: 32.9%.
44,135,before_shift,0,"[4, 3, 2, 1]",2,4,[4],1,4,0.3288409703504043,False,The learned policy selected page 2 because it received the highest predicted eviction score among the current resident pages. It was last accessed 1 reference ago and appeared 4 times in the recent 20-reference window. Model confidence: 32.9%.
44,140,before_shift,2,"[4, 3, 1, 0]",1,4,[4],1,4,0.3288409703504043,False,The learned policy selected page 1 because it received the highest predicted eviction score among the current resident pages. It was last accessed 1 reference ago and appeared 4 times in the recent 20-reference window. Model confidence: 32.9%.
44,142,before_shift,1,"[4, 3, 0, 2]",3,4,[4],1,4,0.3288409703504043,False,The learned policy selected page 3 because it received the highest predicted eviction score among the current resident pages. It was last accessed 1 reference ago and appeared 4 times in the recent 20-reference window. Model confidence: 32.9%.
44,146,before_shift,3,"[4, 0, 2, 1]",2,4,[4],1,4,0.3288409703504043,False,The learned policy selected page 2 because it received the highest predicted eviction score among the current resident pages. It was last accessed 1 reference ago and appeared 4 times in the recent 20-reference window. Model confidence: 32.9%.
44,152,before_shift,2,"[4, 0, 1, 3]",1,4,[4],1,6,0.3288409703504043,False,The learned policy selected page 1 because it received the highest predicted eviction score among the current resident pages. It was last accessed 1 reference ago and appeared 6 times in the recent 20-reference window. Model confidence: 32.9%.
44,153,before_shift,1,"[4, 0, 3, 2]",2,4,[4],1,4,0.3288409703504043,False,The learned policy selected page 2 because it received the highest predicted eviction score among the current resident pages. It was last accessed 1 reference ago and appeared 4 times in the recent 20-reference window. Model confidence: 32.9%.
44,157,before_shift,2,"[4, 0, 3, 1]",1,4,[4],1,7,0.3288409703504043,False,The learned policy selected page 1 because it received the highest predicted eviction score among the current resident pages. It was last accessed 1 reference ago and appeared 7 times in the recent 20-reference window. Model confidence: 32.9%.
44,161,before_shift,1,"[4, 0, 3, 2]",0,4,[4],1,7,0.3288409703504043,False,The learned policy selected page 0 because it received the highest predicted eviction score among the current resident pages. It was last accessed 1 reference ago and appeared 7 times in the recent 20-reference window. Model confidence: 32.9%.
44,162,before_shift,0,"[4, 3, 2, 1]",1,4,[4],1,7,0.3288409703504043,False,The learned policy selected page 1 because it received the highest predicted eviction score among the current resident pages. It was last accessed 1 reference ago and appeared 7 times in the recent 20-reference window. Model confidence: 32.9%.
44,163,before_shift,1,"[4, 3, 2, 0]",0,4,[4],1,8,0.3288409703504043,False,The learned policy selected page 0 because it received the highest predicted eviction score among the current resident pages. It was last accessed 1 reference ago and appeared 8 times in the recent 20-reference window. Model confidence: 32.9%.
44,166,before_shift,0,"[4, 3, 2, 1]",3,3,[3],1,4,0.3288409703504043,True,The learned policy selected page 3 because it received the highest predicted eviction score among the current resident pages. It was last accessed 1 reference ago and appeared 4 times in the recent 20-reference window. Model confidence: 32.9%.
44,170,before_shift,3,"[4, 2, 1, 0]",4,4,[4],1,1,0.4716981132075472,True,The learned policy selected page 4 because it received the highest predicted eviction score among the current resident pages. It was last accessed 1 reference ago and appeared 1 time in the recent 20-reference window. Model confidence: 47.2%.
44,200,after_shift,7,"[2, 1, 0, 3]",1,1,[1],1,6,0.3288409703504043,True,The learned policy selected page 1 because it received the highest predicted eviction score among the current resident pages. It was last accessed 1 reference ago and appeared 6 times in the recent 20-reference window. Model confidence: 32.9%.
44,201,after_shift,5,"[2, 0, 3, 7]",7,0,[0],1,1,0.4716981132075472,False,The learned policy selected page 7 because it received the highest predicted eviction score among the current resident pages. It was last accessed 1 reference ago and appeared 1 time in the recent 20-reference window. Model confidence: 47.2%.
44,202,after_shift,14,"[2, 0, 3, 5]",5,0,[0],1,1,0.4716981132075472,False,The learned policy selected page 5 because it received the highest predicted eviction score among the current resident pages. It was last accessed 1 reference ago and appeared 1 time in the recent 20-reference window. Model confidence: 47.2%.
44,206,after_shift,15,"[2, 0, 3, 14]",3,0,[0],1,5,0.3288409703504043,False,The learned policy selected page 3 because it received the highest predicted eviction score among the current resident pages. It was last accessed 1 reference ago and appeared 5 times in the recent 20-reference window. Model confidence: 32.9%.
44,207,after_shift,5,"[2, 0, 14, 15]",15,15,[15],1,1,0.4716981132075472,True,The learned policy selected page 15 because it received the highest predicted eviction score among the current resident pages. It was last accessed 1 reference ago and appeared 1 time in the recent 20-reference window. Model confidence: 47.2%.
44,208,after_shift,3,"[2, 0, 14, 5]",0,0,[0],10,4,0.4,True,The learned policy selected page 0 because it received the highest predicted eviction score among the current resident pages. It was last accessed 10 references ago and appeared 4 times in the recent 20-reference window. Model confidence: 40.0%.
44,214,after_shift,7,"[2, 14, 5, 3]",3,2,[2],1,5,0.3288409703504043,False,The learned policy selected page 3 because it received the highest predicted eviction score among the current resident pages. It was last accessed 1 reference ago and appeared 5 times in the recent 20-reference window. Model confidence: 32.9%.
44,215,after_shift,6,"[2, 14, 5, 7]",7,7,[7],1,2,0.3592233009708738,True,The learned policy selected page 7 because it received the highest predicted eviction score among the current resident pages. It was last accessed 1 reference ago and appeared 2 times in the recent 20-reference window. Model confidence: 35.9%.
44,220,after_shift,3,"[2, 14, 5, 6]",6,14,[14],1,4,0.3288409703504043,False,The learned policy selected page 6 because it received the highest predicted eviction score among the current resident pages. It was last accessed 1 reference ago and appeared 4 times in the recent 20-reference window. Model confidence: 32.9%.
44,222,after_shift,0,"[2, 14, 5, 3]",3,14,[14],1,6,0.3288409703504043,False,The learned policy selected page 3 because it received the highest predicted eviction score among the current resident pages. It was last accessed 1 reference ago and appeared 6 times in the recent 20-reference window. Model confidence: 32.9%.
44,223,after_shift,1,"[2, 14, 5, 0]",0,14,[14],1,1,0.4716981132075472,False,The learned policy selected page 0 because it received the highest predicted eviction score among the current resident pages. It was last accessed 1 reference ago and appeared 1 time in the recent 20-reference window. Model confidence: 47.2%.
44,224,after_shift,3,"[2, 14, 5, 1]",2,14,[14],13,1,0.5,False,The learned policy selected page 2 because it received the highest predicted eviction score among the current resident pages. It was last accessed 13 references ago and appeared 1 time in the recent 20-reference window. Model confidence: 50.0%.
44,225,after_shift,6,"[14, 5, 1, 3]",3,14,[14],1,6,0.3288409703504043,False,The learned policy selected page 3 because it received the highest predicted eviction score among the current resident pages. It was last accessed 1 reference ago and appeared 6 times in the recent 20-reference window. Model confidence: 32.9%.
44,226,after_shift,0,"[14, 5, 1, 6]",6,14,[14],1,5,0.3288409703504043,False,The learned policy selected page 6 because it received the highest predicted eviction score among the current resident pages. It was last accessed 1 reference ago and appeared 5 times in the recent 20-reference window. Model confidence: 32.9%.
44,227,after_shift,6,"[14, 5, 1, 0]",0,14,[14],1,2,0.3592233009708738,False,The learned policy selected page 0 because it received the highest predicted eviction score among the current resident pages. It was last accessed 1 reference ago and appeared 2 times in the recent 20-reference window. Model confidence: 35.9%.
44,228,after_shift,3,"[14, 5, 1, 6]",1,14,[14],5,1,0.3893805309734513,False,The learned policy selected page 1 because it received the highest predicted eviction score among the current resident pages. It was last accessed 5 references ago and appeared 1 time in the recent 20-reference window. Model confidence: 38.9%.
44,229,after_shift,12,"[14, 5, 6, 3]",3,3,[3],1,5,0.3288409703504043,True,The learned policy selected page 3 because it received the highest predicted eviction score among the current resident pages. It was last accessed 1 reference ago and appeared 5 times in the recent 20-reference window. Model confidence: 32.9%.
44,234,after_shift,1,"[14, 5, 6, 12]",5,12,[12],1,1,0.4716981132075472,False,The learned policy selected page 5 because it received the highest predicted eviction score among the current resident pages. It was last accessed 1 reference ago and appeared 1 time in the recent 20-reference window. Model confidence: 47.2%.
44,240,after_shift,8,"[14, 6, 12, 1]",1,12,[12],1,4,0.3288409703504043,False,The learned policy selected page 1 because it received the highest predicted eviction score among the current resident pages. It was last accessed 1 reference ago and appeared 4 times in the recent 20-reference window. Model confidence: 32.9%.
44,242,after_shift,11,"[14, 6, 12, 8]",12,12,[12],13,1,0.5,True,The learned policy selected page 12 because it received the highest predicted eviction score among the current resident pages. It was last accessed 13 references ago and appeared 1 time in the recent 20-reference window. Model confidence: 50.0%.
44,243,after_shift,0,"[14, 6, 8, 11]",11,11,[11],1,1,0.4716981132075472,True,The learned policy selected page 11 because it received the highest predicted eviction score among the current resident pages. It was last accessed 1 reference ago and appeared 1 time in the recent 20-reference window. Model confidence: 47.2%.
44,245,after_shift,5,"[14, 6, 8, 0]",8,14,[14],5,1,0.3893805309734513,False,The learned policy selected page 8 because it received the highest predicted eviction score among the current resident pages. It was last accessed 5 references ago and appeared 1 time in the recent 20-reference window. Model confidence: 38.9%.
44,246,after_shift,1,"[14, 6, 0, 5]",5,14,[14],1,2,0.3592233009708738,False,The learned policy selected page 5 because it received the highest predicted eviction score among the current resident pages. It was last accessed 1 reference ago and appeared 2 times in the recent 20-reference window. Model confidence: 35.9%.
44,253,after_shift,15,"[14, 6, 0, 1]",0,6,[6],4,3,0.2129032258064516,False,The learned policy selected page 0 because it received the highest predicted eviction score among the current resident pages. It was last accessed 4 references ago and appeared 3 times in the recent 20-reference window. Model confidence: 21.3%.
44,254,after_shift,5,"[14, 6, 1, 15]",15,15,[15],1,1,0.4716981132075472,True,The learned policy selected page 15 because it received the highest predicted eviction score among the current resident pages. It was last accessed 1 reference ago and appeared 1 time in the recent 20-reference window. Model confidence: 47.2%.
44,256,after_shift,8,"[14, 6, 1, 5]",5,6,[6],2,2,0.2919254658385093,False,The learned policy selected page 5 because it received the highest predicted eviction score among the current resident pages. It was last accessed 2 references ago and appeared 2 times in the recent 20-reference window. Model confidence: 29.2%.
44,257,after_shift,2,"[14, 6, 1, 8]",8,6,[6],1,2,0.3592233009708738,False,The learned policy selected page 8 because it received the highest predicted eviction score among the current resident pages. It was last accessed 1 reference ago and appeared 2 times in the recent 20-reference window. Model confidence: 35.9%.
44,260,after_shift,8,"[14, 6, 1, 2]",2,2,[2],1,2,0.3592233009708738,True,The learned policy selected page 2 because it received the highest predicted eviction score among the current resident pages. It was last accessed 1 reference ago and appeared 2 times in the recent 20-reference window. Model confidence: 35.9%.
44,262,after_shift,4,"[14, 6, 1, 8]",6,14,[14],10,5,0.4,False,The learned policy selected page 6 because it received the highest predicted eviction score among the current resident pages. It was last accessed 10 references ago and appeared 5 times in the recent 20-reference window. Model confidence: 40.0%.
44,263,after_shift,0,"[14, 1, 8, 4]",4,4,[4],1,1,0.4716981132075472,True,The learned policy selected page 4 because it received the highest predicted eviction score among the current resident pages. It was last accessed 1 reference ago and appeared 1 time in the recent 20-reference window. Model confidence: 47.2%.
44,265,after_shift,7,"[14, 1, 8, 0]",0,0,[0],2,2,0.2919254658385093,True,The learned policy selected page 0 because it received the highest predicted eviction score among the current resident pages. It was last accessed 2 references ago and appeared 2 times in the recent 20-reference window. Model confidence: 29.2%.
44,266,after_shift,5,"[14, 1, 8, 7]",7,7,[7],1,1,0.4716981132075472,True,The learned policy selected page 7 because it received the highest predicted eviction score among the current resident pages. It was last accessed 1 reference ago and appeared 1 time in the recent 20-reference window. Model confidence: 47.2%.
44,268,after_shift,6,"[14, 1, 8, 5]",8,5,[5],1,4,0.3288409703504043,False,The learned policy selected page 8 because it received the highest predicted eviction score among the current resident pages. It was last accessed 1 reference ago and appeared 4 times in the recent 20-reference window. Model confidence: 32.9%.
44,269,after_shift,10,"[14, 1, 5, 6]",6,5,[5],1,4,0.3288409703504043,False,The learned policy selected page 6 because it received the highest predicted eviction score among the current resident pages. It was last accessed 1 reference ago and appeared 4 times in the recent 20-reference window. Model confidence: 32.9%.
44,272,after_shift,15,"[14, 1, 5, 10]",14,10,[10],14,1,0.5,False,The learned policy selected page 14 because it received the highest predicted eviction score among the current resident pages. It was last accessed 14 references ago and appeared 1 time in the recent 20-reference window. Model confidence: 50.0%.
44,273,after_shift,8,"[1, 5, 10, 15]",15,10,[10],1,2,0.3592233009708738,False,The learned policy selected page 15 because it received the highest predicted eviction score among the current resident pages. It was last accessed 1 reference ago and appeared 2 times in the recent 20-reference window. Model confidence: 35.9%.
44,274,after_shift,14,"[1, 5, 10, 8]",8,10,[10],1,5,0.3288409703504043,False,The learned policy selected page 8 because it received the highest predicted eviction score among the current resident pages. It was last accessed 1 reference ago and appeared 5 times in the recent 20-reference window. Model confidence: 32.9%.
44,275,after_shift,4,"[1, 5, 10, 14]",14,10,[10],1,2,0.3592233009708738,False,The learned policy selected page 14 because it received the highest predicted eviction score among the current resident pages. It was last accessed 1 reference ago and appeared 2 times in the recent 20-reference window. Model confidence: 35.9%.
44,276,after_shift,6,"[1, 5, 10, 4]",4,10,[10],1,2,0.3592233009708738,False,The learned policy selected page 4 because it received the highest predicted eviction score among the current resident pages. It was last accessed 1 reference ago and appeared 2 times in the recent 20-reference window. Model confidence: 35.9%.
44,277,after_shift,3,"[1, 5, 10, 6]",6,10,[10],1,2,0.3592233009708738,False,The learned policy selected page 6 because it received the highest predicted eviction score among the current resident pages. It was last accessed 1 reference ago and appeared 2 times in the recent 20-reference window. Model confidence: 35.9%.
44,279,after_shift,11,"[1, 5, 10, 3]",5,3,[3],13,1,0.5,False,The learned policy selected page 5 because it received the highest predicted eviction score among the current resident pages. It was last accessed 13 references ago and appeared 1 time in the recent 20-reference window. Model confidence: 50.0%.
44,280,after_shift,9,"[1, 10, 3, 11]",11,3,[3],1,1,0.4716981132075472,False,The learned policy selected page 11 because it received the highest predicted eviction score among the current resident pages. It was last accessed 1 reference ago and appeared 1 time in the recent 20-reference window. Model confidence: 47.2%.
44,281,after_shift,14,"[1, 10, 3, 9]",9,9,[9],1,1,0.4716981132075472,True,The learned policy selected page 9 because it received the highest predicted eviction score among the current resident pages. It was last accessed 1 reference ago and appeared 1 time in the recent 20-reference window. Model confidence: 47.2%.
44,282,after_shift,4,"[1, 10, 3, 14]",3,3,[3],5,1,0.3893805309734513,True,The learned policy selected page 3 because it received the highest predicted eviction score among the current resident pages. It was last accessed 5 references ago and appeared 1 time in the recent 20-reference window. Model confidence: 38.9%.
44,283,after_shift,0,"[1, 10, 14, 4]",4,10,[10],1,2,0.3592233009708738,False,The learned policy selected page 4 because it received the highest predicted eviction score among the current resident pages. It was last accessed 1 reference ago and appeared 2 times in the recent 20-reference window. Model confidence: 35.9%.
44,284,after_shift,15,"[1, 10, 14, 0]",0,10,[10],1,1,0.4716981132075472,False,The learned policy selected page 0 because it received the highest predicted eviction score among the current resident pages. It was last accessed 1 reference ago and appeared 1 time in the recent 20-reference window. Model confidence: 47.2%.
44,285,after_shift,0,"[1, 10, 14, 15]",15,10,[10],1,2,0.3592233009708738,False,The learned policy selected page 15 because it received the highest predicted eviction score among the current resident pages. It was last accessed 1 reference ago and appeared 2 times in the recent 20-reference window. Model confidence: 35.9%.
44,286,after_shift,7,"[1, 10, 14, 0]",0,10,[10],1,2,0.3592233009708738,False,The learned policy selected page 0 because it received the highest predicted eviction score among the current resident pages. It was last accessed 1 reference ago and appeared 2 times in the recent 20-reference window. Model confidence: 35.9%.
44,288,after_shift,2,"[1, 10, 14, 7]",7,10,[10],2,1,0.30434782608695654,False,The learned policy selected page 7 because it received the highest predicted eviction score among the current resident pages. It was last accessed 2 references ago and appeared 1 time in the recent 20-reference window. Model confidence: 30.4%.
44,289,after_shift,0,"[1, 10, 14, 2]",2,2,[2],1,1,0.4716981132075472,True,The learned policy selected page 2 because it received the highest predicted eviction score among the current resident pages. It was last accessed 1 reference ago and appeared 1 time in the recent 20-reference window. Model confidence: 47.2%.
44,291,after_shift,7,"[1, 10, 14, 0]",14,14,[14],1,4,0.3288409703504043,True,The learned policy selected page 14 because it received the highest predicted eviction score among the current resident pages. It was last accessed 1 reference ago and appeared 4 times in the recent 20-reference window. Model confidence: 32.9%.
44,292,after_shift,13,"[1, 10, 0, 7]",1,10,[10],14,1,0.5,False,The learned policy selected page 1 because it received the highest predicted eviction score among the current resident pages. It was last accessed 14 references ago and appeared 1 time in the recent 20-reference window. Model confidence: 50.0%.
44,294,after_shift,15,"[10, 0, 7, 13]",13,10,[10],1,2,0.3592233009708738,False,The learned policy selected page 13 because it received the highest predicted eviction score among the current resident pages. It was last accessed 1 reference ago and appeared 2 times in the recent 20-reference window. Model confidence: 35.9%.
44,295,after_shift,13,"[10, 0, 7, 15]",15,10,[10],1,2,0.3592233009708738,False,The learned policy selected page 15 because it received the highest predicted eviction score among the current resident pages. It was last accessed 1 reference ago and appeared 2 times in the recent 20-reference window. Model confidence: 35.9%.
44,296,after_shift,15,"[10, 0, 7, 13]",13,10,[10],1,3,0.27485380116959063,False,The learned policy selected page 13 because it received the highest predicted eviction score among the current resident pages. It was last accessed 1 reference ago and appeared 3 times in the recent 20-reference window. Model confidence: 27.5%.
44,297,after_shift,8,"[10, 0, 7, 15]",15,15,[15],1,3,0.27485380116959063,True,The learned policy selected page 15 because it received the highest predicted eviction score among the current resident pages. It was last accessed 1 reference ago and appeared 3 times in the recent 20-reference window. Model confidence: 27.5%.
44,298,after_shift,1,"[10, 0, 7, 8]",8,10,[10],1,1,0.4716981132075472,False,The learned policy selected page 8 because it received the highest predicted eviction score among the current resident pages. It was last accessed 1 reference ago and appeared 1 time in the recent 20-reference window. Model confidence: 47.2%.
44,299,after_shift,13,"[10, 0, 7, 1]",1,1,[1],1,1,0.4716981132075472,True,The learned policy selected page 1 because it received the highest predicted eviction score among the current resident pages. It was last accessed 1 reference ago and appeared 1 time in the recent 20-reference window. Model confidence: 47.2%.
44,301,after_shift,4,"[10, 0, 7, 13]",0,13,[13],1,4,0.3288409703504043,False,The learned policy selected page 0 because it received the highest predicted eviction score among the current resident pages. It was last accessed 1 reference ago and appeared 4 times in the recent 20-reference window. Model confidence: 32.9%.
44,302,after_shift,0,"[10, 7, 13, 4]",4,13,[13],1,2,0.3592233009708738,False,The learned policy selected page 4 because it received the highest predicted eviction score among the current resident pages. It was last accessed 1 reference ago and appeared 2 times in the recent 20-reference window. Model confidence: 35.9%.
44,303,after_shift,8,"[10, 7, 13, 0]",0,13,[13],1,5,0.3288409703504043,False,The learned policy selected page 0 because it received the highest predicted eviction score among the current resident pages. It was last accessed 1 reference ago and appeared 5 times in the recent 20-reference window. Model confidence: 32.9%.
44,304,after_shift,0,"[10, 7, 13, 8]",8,8,[8],1,2,0.3592233009708738,True,The learned policy selected page 8 because it received the highest predicted eviction score among the current resident pages. It was last accessed 1 reference ago and appeared 2 times in the recent 20-reference window. Model confidence: 35.9%.
44,305,after_shift,4,"[10, 7, 13, 0]",0,13,[13],1,5,0.3288409703504043,False,The learned policy selected page 0 because it received the highest predicted eviction score among the current resident pages. It was last accessed 1 reference ago and appeared 5 times in the recent 20-reference window. Model confidence: 32.9%.
44,306,after_shift,6,"[10, 7, 13, 4]",4,13,[13],1,2,0.3592233009708738,False,The learned policy selected page 4 because it received the highest predicted eviction score among the current resident pages. It was last accessed 1 reference ago and appeared 2 times in the recent 20-reference window. Model confidence: 35.9%.
44,307,after_shift,5,"[10, 7, 13, 6]",6,6,[6],1,1,0.4716981132075472,True,The learned policy selected page 6 because it received the highest predicted eviction score among the current resident pages. It was last accessed 1 reference ago and appeared 1 time in the recent 20-reference window. Model confidence: 47.2%.
44,309,after_shift,4,"[10, 7, 13, 5]",13,5,[5],10,4,0.4,False,The learned policy selected page 13 because it received the highest predicted eviction score among the current resident pages. It was last accessed 10 references ago and appeared 4 times in the recent 20-reference window. Model confidence: 40.0%.
44,311,after_shift,0,"[10, 7, 5, 4]",5,5,[5],4,1,0.3488372093023256,True,The learned policy selected page 5 because it received the highest predicted eviction score among the current resident pages. It was last accessed 4 references ago and appeared 1 time in the recent 20-reference window. Model confidence: 34.9%.
44,320,after_shift,13,"[10, 7, 4, 0]",10,10,[10],1,2,0.3592233009708738,True,The learned policy selected page 10 because it received the highest predicted eviction score among the current resident pages. It was last accessed 1 reference ago and appeared 2 times in the recent 20-reference window. Model confidence: 35.9%.
44,322,after_shift,11,"[7, 4, 0, 13]",0,13,[13],1,7,0.3288409703504043,False,The learned policy selected page 0 because it received the highest predicted eviction score among the current resident pages. It was last accessed 1 reference ago and appeared 7 times in the recent 20-reference window. Model confidence: 32.9%.
44,323,after_shift,14,"[7, 4, 13, 11]",11,13,[13],1,1,0.4716981132075472,False,The learned policy selected page 11 because it received the highest predicted eviction score among the current resident pages. It was last accessed 1 reference ago and appeared 1 time in the recent 20-reference window. Model confidence: 47.2%.
44,324,after_shift,1,"[7, 4, 13, 14]",14,13,[13],1,1,0.4716981132075472,False,The learned policy selected page 14 because it received the highest predicted eviction score among the current resident pages. It was last accessed 1 reference ago and appeared 1 time in the recent 20-reference window. Model confidence: 47.2%.
44,326,after_shift,8,"[7, 4, 13, 1]",7,13,[13],1,4,0.3288409703504043,False,The learned policy selected page 7 because it received the highest predicted eviction score among the current resident pages. It was last accessed 1 reference ago and appeared 4 times in the recent 20-reference window. Model confidence: 32.9%.
44,327,after_shift,14,"[4, 13, 1, 8]",8,13,[13],1,1,0.4716981132075472,False,The learned policy selected page 8 because it received the highest predicted eviction score among the current resident pages. It was last accessed 1 reference ago and appeared 1 time in the recent 20-reference window. Model confidence: 47.2%.
44,328,after_shift,3,"[4, 13, 1, 14]",14,14,[14],1,2,0.3592233009708738,True,The learned policy selected page 14 because it received the highest predicted eviction score among the current resident pages. It was last accessed 1 reference ago and appeared 2 times in the recent 20-reference window. Model confidence: 35.9%.
44,329,after_shift,8,"[4, 13, 1, 3]",3,13,[13],1,1,0.4716981132075472,False,The learned policy selected page 3 because it received the highest predicted eviction score among the current resident pages. It was last accessed 1 reference ago and appeared 1 time in the recent 20-reference window. Model confidence: 47.2%.
44,330,after_shift,7,"[4, 13, 1, 8]",8,13,[13],1,2,0.3592233009708738,False,The learned policy selected page 8 because it received the highest predicted eviction score among the current resident pages. It was last accessed 1 reference ago and appeared 2 times in the recent 20-reference window. Model confidence: 35.9%.
44,331,after_shift,15,"[4, 13, 1, 7]",7,7,[7],1,4,0.3288409703504043,True,The learned policy selected page 7 because it received the highest predicted eviction score among the current resident pages. It was last accessed 1 reference ago and appeared 4 times in the recent 20-reference window. Model confidence: 32.9%.
44,332,after_shift,8,"[4, 13, 1, 15]",15,13,[13],1,1,0.4716981132075472,False,The learned policy selected page 15 because it received the highest predicted eviction score among the current resident pages. It was last accessed 1 reference ago and appeared 1 time in the recent 20-reference window. Model confidence: 47.2%.
44,333,after_shift,3,"[4, 13, 1, 8]",13,13,[13],13,1,0.5,True,The learned policy selected page 13 because it received the highest predicted eviction score among the current resident pages. It was last accessed 13 references ago and appeared 1 time in the recent 20-reference window. Model confidence: 50.0%.
44,334,after_shift,15,"[4, 1, 8, 3]",3,3,[3],1,2,0.3592233009708738,True,The learned policy selected page 3 because it received the highest predicted eviction score among the current resident pages. It was last accessed 1 reference ago and appeared 2 times in the recent 20-reference window. Model confidence: 35.9%.
44,335,after_shift,5,"[4, 1, 8, 15]",15,4,[4],1,2,0.3592233009708738,False,The learned policy selected page 15 because it received the highest predicted eviction score among the current resident pages. It was last accessed 1 reference ago and appeared 2 times in the recent 20-reference window. Model confidence: 35.9%.
44,336,after_shift,6,"[4, 1, 8, 5]",5,4,[4],1,1,0.4716981132075472,False,The learned policy selected page 5 because it received the highest predicted eviction score among the current resident pages. It was last accessed 1 reference ago and appeared 1 time in the recent 20-reference window. Model confidence: 47.2%.
44,337,after_shift,5,"[4, 1, 8, 6]",1,6,[6],13,1,0.5,False,The learned policy selected page 1 because it received the highest predicted eviction score among the current resident pages. It was last accessed 13 references ago and appeared 1 time in the recent 20-reference window. Model confidence: 50.0%.
44,339,after_shift,15,"[4, 8, 6, 5]",8,8,[8],1,4,0.3288409703504043,True,The learned policy selected page 8 because it received the highest predicted eviction score among the current resident pages. It was last accessed 1 reference ago and appeared 4 times in the recent 20-reference window. Model confidence: 32.9%.
44,340,after_shift,11,"[4, 6, 5, 15]",6,6,[6],4,1,0.3488372093023256,True,The learned policy selected page 6 because it received the highest predicted eviction score among the current resident pages. It was last accessed 4 references ago and appeared 1 time in the recent 20-reference window. Model confidence: 34.9%.
44,341,after_shift,0,"[4, 5, 15, 11]",11,5,[5],1,2,0.3592233009708738,False,The learned policy selected page 11 because it received the highest predicted eviction score among the current resident pages. It was last accessed 1 reference ago and appeared 2 times in the recent 20-reference window. Model confidence: 35.9%.
44,342,after_shift,1,"[4, 5, 15, 0]",0,5,[5],1,1,0.4716981132075472,False,The learned policy selected page 0 because it received the highest predicted eviction score among the current resident pages. It was last accessed 1 reference ago and appeared 1 time in the recent 20-reference window. Model confidence: 47.2%.
44,344,after_shift,0,"[4, 5, 15, 1]",15,15,[15],1,4,0.3288409703504043,True,The learned policy selected page 15 because it received the highest predicted eviction score among the current resident pages. It was last accessed 1 reference ago and appeared 4 times in the recent 20-reference window. Model confidence: 32.9%.
44,347,after_shift,13,"[4, 5, 1, 0]",1,5,[5],5,1,0.3893805309734513,False,The learned policy selected page 1 because it received the highest predicted eviction score among the current resident pages. It was last accessed 5 references ago and appeared 1 time in the recent 20-reference window. Model confidence: 38.9%.
44,348,after_shift,11,"[4, 5, 0, 13]",13,13,[13],1,1,0.4716981132075472,True,The learned policy selected page 13 because it received the highest predicted eviction score among the current resident pages. It was last accessed 1 reference ago and appeared 1 time in the recent 20-reference window. Model confidence: 47.2%.
44,349,after_shift,1,"[4, 5, 0, 11]",11,5,[5],1,2,0.3592233009708738,False,The learned policy selected page 11 because it received the highest predicted eviction score among the current resident pages. It was last accessed 1 reference ago and appeared 2 times in the recent 20-reference window. Model confidence: 35.9%.
44,353,after_shift,7,"[4, 5, 0, 1]",0,1,[1],1,5,0.3288409703504043,False,The learned policy selected page 0 because it received the highest predicted eviction score among the current resident pages. It was last accessed 1 reference ago and appeared 5 times in the recent 20-reference window. Model confidence: 32.9%.
44,356,after_shift,11,"[4, 5, 1, 7]",7,4,[4],3,1,0.2857142857142857,False,The learned policy selected page 7 because it received the highest predicted eviction score among the current resident pages. It was last accessed 3 references ago and appeared 1 time in the recent 20-reference window. Model confidence: 28.6%.
44,357,after_shift,2,"[4, 5, 1, 11]",11,4,[4],1,3,0.27485380116959063,False,The learned policy selected page 11 because it received the highest predicted eviction score among the current resident pages. It was last accessed 1 reference ago and appeared 3 times in the recent 20-reference window. Model confidence: 27.5%.
44,359,after_shift,13,"[4, 5, 1, 2]",5,4,[4],1,1,0.4716981132075472,False,The learned policy selected page 5 because it received the highest predicted eviction score among the current resident pages. It was last accessed 1 reference ago and appeared 1 time in the recent 20-reference window. Model confidence: 47.2%.
44,360,after_shift,6,"[4, 1, 2, 13]",13,4,[4],1,2,0.3592233009708738,False,The learned policy selected page 13 because it received the highest predicted eviction score among the current resident pages. It was last accessed 1 reference ago and appeared 2 times in the recent 20-reference window. Model confidence: 35.9%.
44,361,after_shift,0,"[4, 1, 2, 6]",6,4,[4],1,1,0.4716981132075472,False,The learned policy selected page 6 because it received the highest predicted eviction score among the current resident pages. It was last accessed 1 reference ago and appeared 1 time in the recent 20-reference window. Model confidence: 47.2%.
44,362,after_shift,8,"[4, 1, 2, 0]",2,4,[4],5,1,0.3893805309734513,False,The learned policy selected page 2 because it received the highest predicted eviction score among the current resident pages. It was last accessed 5 references ago and appeared 1 time in the recent 20-reference window. Model confidence: 38.9%.
44,364,after_shift,2,"[4, 1, 0, 8]",0,4,"[4, 8]",1,6,0.3288409703504043,False,The learned policy selected page 0 because it received the highest predicted eviction score among the current resident pages. It was last accessed 1 reference ago and appeared 6 times in the recent 20-reference window. Model confidence: 32.9%.
44,365,after_shift,15,"[4, 1, 8, 2]",2,4,"[4, 8]",1,2,0.3592233009708738,False,The learned policy selected page 2 because it received the highest predicted eviction score among the current resident pages. It was last accessed 1 reference ago and appeared 2 times in the recent 20-reference window. Model confidence: 35.9%.
44,366,after_shift,5,"[4, 1, 8, 15]",15,4,"[4, 8, 15]",1,1,0.4716981132075472,True,The learned policy selected page 15 because it received the highest predicted eviction score among the current resident pages. It was last accessed 1 reference ago and appeared 1 time in the recent 20-reference window. Model confidence: 47.2%.
44,367,after_shift,7,"[4, 1, 8, 5]",8,4,"[4, 8]",5,1,0.3893805309734513,True,The learned policy selected page 8 because it received the highest predicted eviction score among the current resident pages. It was last accessed 5 references ago and appeared 1 time in the recent 20-reference window. Model confidence: 38.9%.
44,369,after_shift,2,"[4, 1, 5, 7]",7,4,"[4, 1]",2,2,0.2919254658385093,False,The learned policy selected page 7 because it received the highest predicted eviction score among the current resident pages. It was last accessed 2 references ago and appeared 2 times in the recent 20-reference window. Model confidence: 29.2%.
44,370,after_shift,0,"[4, 1, 5, 2]",1,4,"[4, 1]",2,2,0.2919254658385093,True,The learned policy selected page 1 because it received the highest predicted eviction score among the current resident pages. It was last accessed 2 references ago and appeared 2 times in the recent 20-reference window. Model confidence: 29.2%.
44,371,after_shift,14,"[4, 5, 2, 0]",0,4,[4],1,5,0.3288409703504043,False,The learned policy selected page 0 because it received the highest predicted eviction score among the current resident pages. It was last accessed 1 reference ago and appeared 5 times in the recent 20-reference window. Model confidence: 32.9%.
44,373,after_shift,6,"[4, 5, 2, 14]",2,4,[4],1,4,0.3288409703504043,False,The learned policy selected page 2 because it received the highest predicted eviction score among the current resident pages. It was last accessed 1 reference ago and appeared 4 times in the recent 20-reference window. Model confidence: 32.9%.
44,375,after_shift,3,"[4, 5, 14, 6]",14,4,"[4, 5]",4,1,0.3488372093023256,False,The learned policy selected page 14 because it received the highest predicted eviction score among the current resident pages. It was last accessed 4 references ago and appeared 1 time in the recent 20-reference window. Model confidence: 34.9%.
44,376,after_shift,7,"[4, 5, 6, 3]",3,4,"[4, 5]",1,1,0.4716981132075472,False,The learned policy selected page 3 because it received the highest predicted eviction score among the current resident pages. It was last accessed 1 reference ago and appeared 1 time in the recent 20-reference window. Model confidence: 47.2%.
44,377,after_shift,11,"[4, 5, 6, 7]",7,4,"[4, 5]",1,2,0.3592233009708738,False,The learned policy selected page 7 because it received the highest predicted eviction score among the current resident pages. It was last accessed 1 reference ago and appeared 2 times in the recent 20-reference window. Model confidence: 35.9%.
44,379,after_shift,2,"[4, 5, 6, 11]",11,4,"[4, 5]",2,1,0.30434782608695654,False,The learned policy selected page 11 because it received the highest predicted eviction score among the current resident pages. It was last accessed 2 references ago and appeared 1 time in the recent 20-reference window. Model confidence: 30.4%.
44,381,after_shift,14,"[4, 5, 6, 2]",2,4,"[4, 5, 2]",1,5,0.3288409703504043,True,The learned policy selected page 2 because it received the highest predicted eviction score among the current resident pages. It was last accessed 1 reference ago and appeared 5 times in the recent 20-reference window. Model confidence: 32.9%.
44,382,after_shift,11,"[4, 5, 6, 14]",14,4,"[4, 5]",1,2,0.3592233009708738,False,The learned policy selected page 14 because it received the highest predicted eviction score among the current resident pages. It was last accessed 1 reference ago and appeared 2 times in the recent 20-reference window. Model confidence: 35.9%.
44,386,after_shift,12,"[4, 5, 6, 11]",11,4,"[4, 5, 11]",1,5,0.3288409703504043,True,The learned policy selected page 11 because it received the highest predicted eviction score among the current resident pages. It was last accessed 1 reference ago and appeared 5 times in the recent 20-reference window. Model confidence: 32.9%.
44,388,after_shift,7,"[4, 5, 6, 12]",5,4,"[4, 5]",14,1,0.5,True,The learned policy selected page 5 because it received the highest predicted eviction score among the current resident pages. It was last accessed 14 references ago and appeared 1 time in the recent 20-reference window. Model confidence: 50.0%.
44,389,after_shift,10,"[4, 6, 12, 7]",7,4,"[4, 7]",1,2,0.3592233009708738,True,The learned policy selected page 7 because it received the highest predicted eviction score among the current resident pages. It was last accessed 1 reference ago and appeared 2 times in the recent 20-reference window. Model confidence: 35.9%.
44,394,after_shift,3,"[4, 6, 12, 10]",10,4,"[4, 6, 12]",5,1,0.3893805309734513,False,The learned policy selected page 10 because it received the highest predicted eviction score among the current resident pages. It was last accessed 5 references ago and appeared 1 time in the recent 20-reference window. Model confidence: 38.9%.
44,395,after_shift,14,"[4, 6, 12, 3]",3,4,"[4, 6, 12, 3]",1,2,0.3592233009708738,True,The learned policy selected page 3 because it received the highest predicted eviction score among the current resident pages. It was last accessed 1 reference ago and appeared 2 times in the recent 20-reference window. Model confidence: 35.9%.
44,396,after_shift,13,"[4, 6, 12, 14]",14,4,"[4, 6, 12, 14]",1,2,0.3592233009708738,True,The learned policy selected page 14 because it received the highest predicted eviction score among the current resident pages. It was last accessed 1 reference ago and appeared 2 times in the recent 20-reference window. Model confidence: 35.9%.
44,397,after_shift,0,"[4, 6, 12, 13]",13,4,"[4, 6, 12]",1,1,0.4716981132075472,False,The learned policy selected page 13 because it received the highest predicted eviction score among the current resident pages. It was last accessed 1 reference ago and appeared 1 time in the recent 20-reference window. Model confidence: 47.2%.
44,398,after_shift,13,"[4, 6, 12, 0]",0,4,"[4, 6, 12, 0]",1,1,0.4716981132075472,True,The learned policy selected page 0 because it received the highest predicted eviction score among the current resident pages. It was last accessed 1 reference ago and appeared 1 time in the recent 20-reference window. Model confidence: 47.2%.
44,399,after_shift,10,"[4, 6, 12, 13]",13,4,"[4, 6, 12, 13]",1,2,0.3592233009708738,True,The learned policy selected page 13 because it received the highest predicted eviction score among the current resident pages. It was last accessed 1 reference ago and appeared 2 times in the recent 20-reference window. Model confidence: 35.9%.
45,10,before_shift,5,"[3, 1, 0, 2]",0,2,[2],5,1,0.3893805309734513,False,The learned policy selected page 0 because it received the highest predicted eviction score among the current resident pages. It was last accessed 5 references ago and appeared 1 time in the recent 20-reference window. Model confidence: 38.9%.
45,13,before_shift,0,"[3, 1, 2, 5]",1,5,[5],1,8,0.3288409703504043,False,The learned policy selected page 1 because it received the highest predicted eviction score among the current resident pages. It was last accessed 1 reference ago and appeared 8 times in the recent 20-reference window. Model confidence: 32.9%.
45,14,before_shift,1,"[3, 2, 5, 0]",0,5,[5],1,2,0.3592233009708738,False,The learned policy selected page 0 because it received the highest predicted eviction score among the current resident pages. It was last accessed 1 reference ago and appeared 2 times in the recent 20-reference window. Model confidence: 35.9%.
45,17,before_shift,0,"[3, 2, 5, 1]",2,5,[5],2,2,0.2919254658385093,False,The learned policy selected page 2 because it received the highest predicted eviction score among the current resident pages. It was last accessed 2 references ago and appeared 2 times in the recent 20-reference window. Model confidence: 29.2%.
45,19,before_shift,2,"[3, 5, 1, 0]",0,5,[5],2,3,0.27472527472527475,False,The learned policy selected page 0 because it received the highest predicted eviction score among the current resident pages. It was last accessed 2 references ago and appeared 3 times in the recent 20-reference window. Model confidence: 27.5%.
45,21,before_shift,0,"[3, 5, 1, 2]",3,5,[5],1,3,0.27485380116959063,False,The learned policy selected page 3 because it received the highest predicted eviction score among the current resident pages. It was last accessed 1 reference ago and appeared 3 times in the recent 20-reference window. Model confidence: 27.5%.
45,24,before_shift,3,"[5, 1, 2, 0]",5,5,[5],14,1,0.5,True,The learned policy selected page 5 because it received the highest predicted eviction score among the current resident pages. It was last accessed 14 references ago and appeared 1 time in the recent 20-reference window. Model confidence: 50.0%.
45,30,before_shift,5,"[1, 2, 0, 3]",3,3,[3],1,5,0.3288409703504043,True,The learned policy selected page 3 because it received the highest predicted eviction score among the current resident pages. It was last accessed 1 reference ago and appeared 5 times in the recent 20-reference window. Model confidence: 32.9%.
45,34,before_shift,3,"[1, 2, 0, 5]",5,5,[5],4,1,0.3488372093023256,True,The learned policy selected page 5 because it received the highest predicted eviction score among the current resident pages. It was last accessed 4 references ago and appeared 1 time in the recent 20-reference window. Model confidence: 34.9%.
45,35,before_shift,4,"[1, 2, 0, 3]",3,3,[3],1,5,0.3288409703504043,True,The learned policy selected page 3 because it received the highest predicted eviction score among the current resident pages. It was last accessed 1 reference ago and appeared 5 times in the recent 20-reference window. Model confidence: 32.9%.
45,39,before_shift,3,"[1, 2, 0, 4]",4,4,[4],4,1,0.3488372093023256,True,The learned policy selected page 4 because it received the highest predicted eviction score among the current resident pages. It was last accessed 4 references ago and appeared 1 time in the recent 20-reference window. Model confidence: 34.9%.
45,40,before_shift,5,"[1, 2, 0, 3]",3,3,[3],1,5,0.3288409703504043,True,The learned policy selected page 3 because it received the highest predicted eviction score among the current resident pages. It was last accessed 1 reference ago and appeared 5 times in the recent 20-reference window. Model confidence: 32.9%.
45,45,before_shift,3,"[1, 2, 0, 5]",2,5,[5],1,4,0.3288409703504043,False,The learned policy selected page 2 because it received the highest predicted eviction score among the current resident pages. It was last accessed 1 reference ago and appeared 4 times in the recent 20-reference window. Model confidence: 32.9%.
45,50,before_shift,2,"[1, 0, 5, 3]",1,5,[5],1,6,0.3288409703504043,False,The learned policy selected page 1 because it received the highest predicted eviction score among the current resident pages. It was last accessed 1 reference ago and appeared 6 times in the recent 20-reference window. Model confidence: 32.9%.
45,53,before_shift,1,"[0, 5, 3, 2]",5,5,[5],13,1,0.5,True,The learned policy selected page 5 because it received the highest predicted eviction score among the current resident pages. It was last accessed 13 references ago and appeared 1 time in the recent 20-reference window. Model confidence: 50.0%.
45,95,before_shift,4,"[0, 3, 2, 1]",0,0,[0],1,7,0.3288409703504043,True,The learned policy selected page 0 because it received the highest predicted eviction score among the current resident pages. It was last accessed 1 reference ago and appeared 7 times in the recent 20-reference window. Model confidence: 32.9%.
45,99,before_shift,0,"[3, 2, 1, 4]",4,4,[4],4,1,0.3488372093023256,True,The learned policy selected page 4 because it received the highest predicted eviction score among the current resident pages. It was last accessed 4 references ago and appeared 1 time in the recent 20-reference window. Model confidence: 34.9%.
45,148,before_shift,4,"[3, 2, 1, 0]",0,2,[2],1,7,0.3288409703504043,False,The learned policy selected page 0 because it received the highest predicted eviction score among the current resident pages. It was last accessed 1 reference ago and appeared 7 times in the recent 20-reference window. Model confidence: 32.9%.
45,151,before_shift,0,"[3, 2, 1, 4]",1,3,[3],1,8,0.3288409703504043,False,The learned policy selected page 1 because it received the highest predicted eviction score among the current resident pages. It was last accessed 1 reference ago and appeared 8 times in the recent 20-reference window. Model confidence: 32.9%.
45,152,before_shift,1,"[3, 2, 4, 0]",4,0,[0],4,1,0.3488372093023256,False,The learned policy selected page 4 because it received the highest predicted eviction score among the current resident pages. It was last accessed 4 references ago and appeared 1 time in the recent 20-reference window. Model confidence: 34.9%.
45,154,before_shift,4,"[3, 2, 0, 1]",2,2,[2],1,3,0.27485380116959063,True,The learned policy selected page 2 because it received the highest predicted eviction score among the current resident pages. It was last accessed 1 reference ago and appeared 3 times in the recent 20-reference window. Model confidence: 27.5%.
45,162,before_shift,2,"[3, 0, 1, 4]",0,4,[4],1,5,0.3288409703504043,False,The learned policy selected page 0 because it received the highest predicted eviction score among the current resident pages. It was last accessed 1 reference ago and appeared 5 times in the recent 20-reference window. Model confidence: 32.9%.
45,165,before_shift,0,"[3, 1, 4, 2]",1,4,[4],1,6,0.3288409703504043,False,The learned policy selected page 1 because it received the highest predicted eviction score among the current resident pages. It was last accessed 1 reference ago and appeared 6 times in the recent 20-reference window. Model confidence: 32.9%.
45,166,before_shift,1,"[3, 4, 2, 0]",0,4,[4],1,6,0.3288409703504043,False,The learned policy selected page 0 because it received the highest predicted eviction score among the current resident pages. It was last accessed 1 reference ago and appeared 6 times in the recent 20-reference window. Model confidence: 32.9%.
45,167,before_shift,0,"[3, 4, 2, 1]",1,4,[4],1,7,0.3288409703504043,False,The learned policy selected page 1 because it received the highest predicted eviction score among the current resident pages. It was last accessed 1 reference ago and appeared 7 times in the recent 20-reference window. Model confidence: 32.9%.
45,168,before_shift,5,"[3, 4, 2, 0]",0,4,[4],1,5,0.3288409703504043,False,The learned policy selected page 0 because it received the highest predicted eviction score among the current resident pages. It was last accessed 1 reference ago and appeared 5 times in the recent 20-reference window. Model confidence: 32.9%.
45,171,before_shift,0,"[3, 4, 2, 5]",5,4,[4],3,1,0.2857142857142857,False,The learned policy selected page 5 because it received the highest predicted eviction score among the current resident pages. It was last accessed 3 references ago and appeared 1 time in the recent 20-reference window. Model confidence: 28.6%.
45,172,before_shift,1,"[3, 4, 2, 0]",0,4,[4],1,5,0.3288409703504043,False,The learned policy selected page 0 because it received the highest predicted eviction score among the current resident pages. It was last accessed 1 reference ago and appeared 5 times in the recent 20-reference window. Model confidence: 32.9%.
45,173,before_shift,0,"[3, 4, 2, 1]",1,4,[4],1,6,0.3288409703504043,False,The learned policy selected page 1 because it received the highest predicted eviction score among the current resident pages. It was last accessed 1 reference ago and appeared 6 times in the recent 20-reference window. Model confidence: 32.9%.
45,179,before_shift,1,"[3, 4, 2, 0]",0,4,[4],1,8,0.3288409703504043,False,The learned policy selected page 0 because it received the highest predicted eviction score among the current resident pages. It was last accessed 1 reference ago and appeared 8 times in the recent 20-reference window. Model confidence: 32.9%.
45,182,before_shift,0,"[3, 4, 2, 1]",3,4,[4],1,4,0.3288409703504043,False,The learned policy selected page 3 because it received the highest predicted eviction score among the current resident pages. It was last accessed 1 reference ago and appeared 4 times in the recent 20-reference window. Model confidence: 32.9%.
45,186,before_shift,5,"[4, 2, 1, 0]",0,4,[4],1,8,0.3288409703504043,False,The learned policy selected page 0 because it received the highest predicted eviction score among the current resident pages. It was last accessed 1 reference ago and appeared 8 times in the recent 20-reference window. Model confidence: 32.9%.
45,187,before_shift,0,"[4, 2, 1, 5]",5,4,[4],1,2,0.3592233009708738,False,The learned policy selected page 5 because it received the highest predicted eviction score among the current resident pages. It was last accessed 1 reference ago and appeared 2 times in the recent 20-reference window. Model confidence: 35.9%.
45,188,before_shift,3,"[4, 2, 1, 0]",0,4,[4],1,8,0.3288409703504043,False,The learned policy selected page 0 because it received the highest predicted eviction score among the current resident pages. It was last accessed 1 reference ago and appeared 8 times in the recent 20-reference window. Model confidence: 32.9%.
45,189,before_shift,0,"[4, 2, 1, 3]",3,4,[4],1,4,0.3288409703504043,False,The learned policy selected page 3 because it received the highest predicted eviction score among the current resident pages. It was last accessed 1 reference ago and appeared 4 times in the recent 20-reference window. Model confidence: 32.9%.
45,190,before_shift,5,"[4, 2, 1, 0]",1,4,[4],7,3,0.13870967741935483,False,The learned policy selected page 1 because it received the highest predicted eviction score among the current resident pages. It was last accessed 7 references ago and appeared 3 times in the recent 20-reference window. Model confidence: 13.9%.
45,191,before_shift,1,"[4, 2, 0, 5]",5,4,[4],1,2,0.3592233009708738,False,The learned policy selected page 5 because it received the highest predicted eviction score among the current resident pages. It was last accessed 1 reference ago and appeared 2 times in the recent 20-reference window. Model confidence: 35.9%.
45,193,before_shift,3,"[4, 2, 0, 1]",2,4,[4],1,4,0.3288409703504043,False,The learned policy selected page 2 because it received the highest predicted eviction score among the current resident pages. It was last accessed 1 reference ago and appeared 4 times in the recent 20-reference window. Model confidence: 32.9%.
45,194,before_shift,5,"[4, 0, 1, 3]",3,4,[4],1,4,0.3288409703504043,False,The learned policy selected page 3 because it received the highest predicted eviction score among the current resident pages. It was last accessed 1 reference ago and appeared 4 times in the recent 20-reference window. Model confidence: 32.9%.
45,198,before_shift,2,"[4, 0, 1, 5]",1,0,[0],1,5,0.3288409703504043,False,The learned policy selected page 1 because it received the highest predicted eviction score among the current resident pages. It was last accessed 1 reference ago and appeared 5 times in the recent 20-reference window. Model confidence: 32.9%.
45,199,before_shift,3,"[4, 0, 5, 2]",2,2,[2],1,4,0.3288409703504043,True,The learned policy selected page 2 because it received the highest predicted eviction score among the current resident pages. It was last accessed 1 reference ago and appeared 4 times in the recent 20-reference window. Model confidence: 32.9%.
45,200,after_shift,13,"[4, 0, 5, 3]",3,3,[3],1,4,0.3288409703504043,True,The learned policy selected page 3 because it received the highest predicted eviction score among the current resident pages. It was last accessed 1 reference ago and appeared 4 times in the recent 20-reference window. Model confidence: 32.9%.
45,202,after_shift,9,"[4, 0, 5, 13]",4,0,[0],1,1,0.4716981132075472,False,The learned policy selected page 4 because it received the highest predicted eviction score among the current resident pages. It was last accessed 1 reference ago and appeared 1 time in the recent 20-reference window. Model confidence: 47.2%.
45,203,after_shift,14,"[0, 5, 13, 9]",9,0,[0],1,1,0.4716981132075472,False,The learned policy selected page 9 because it received the highest predicted eviction score among the current resident pages. It was last accessed 1 reference ago and appeared 1 time in the recent 20-reference window. Model confidence: 47.2%.
45,204,after_shift,4,"[0, 5, 13, 14]",14,0,[0],1,1,0.4716981132075472,False,The learned policy selected page 14 because it received the highest predicted eviction score among the current resident pages. It was last accessed 1 reference ago and appeared 1 time in the recent 20-reference window. Model confidence: 47.2%.
45,209,after_shift,15,"[0, 5, 13, 4]",13,4,[4],1,3,0.27485380116959063,False,The learned policy selected page 13 because it received the highest predicted eviction score among the current resident pages. It was last accessed 1 reference ago and appeared 3 times in the recent 20-reference window. Model confidence: 27.5%.
45,210,after_shift,7,"[0, 5, 4, 15]",0,4,[4],14,1,0.5,False,The learned policy selected page 0 because it received the highest predicted eviction score among the current resident pages. It was last accessed 14 references ago and appeared 1 time in the recent 20-reference window. Model confidence: 50.0%.
45,211,after_shift,9,"[5, 4, 15, 7]",7,7,[7],1,1,0.4716981132075472,True,The learned policy selected page 7 because it received the highest predicted eviction score among the current resident pages. It was last accessed 1 reference ago and appeared 1 time in the recent 20-reference window. Model confidence: 47.2%.
45,212,after_shift,1,"[5, 4, 15, 9]",9,4,[4],1,2,0.3592233009708738,False,The learned policy selected page 9 because it received the highest predicted eviction score among the current resident pages. It was last accessed 1 reference ago and appeared 2 times in the recent 20-reference window. Model confidence: 35.9%.
45,213,after_shift,9,"[5, 4, 15, 1]",15,4,[4],4,1,0.3488372093023256,False,The learned policy selected page 15 because it received the highest predicted eviction score among the current resident pages. It was last accessed 4 references ago and appeared 1 time in the recent 20-reference window. Model confidence: 34.9%.
45,216,after_shift,14,"[5, 4, 1, 9]",5,5,[5],1,2,0.3592233009708738,True,The learned policy selected page 5 because it received the highest predicted eviction score among the current resident pages. It was last accessed 1 reference ago and appeared 2 times in the recent 20-reference window. Model confidence: 35.9%.
45,218,after_shift,15,"[4, 1, 9, 14]",14,9,[9],2,2,0.2919254658385093,False,The learned policy selected page 14 because it received the highest predicted eviction score among the current resident pages. It was last accessed 2 references ago and appeared 2 times in the recent 20-reference window. Model confidence: 29.2%.
45,221,after_shift,6,"[4, 1, 9, 15]",15,9,[9],1,3,0.27485380116959063,False,The learned policy selected page 15 because it received the highest predicted eviction score among the current resident pages. It was last accessed 1 reference ago and appeared 3 times in the recent 20-reference window. Model confidence: 27.5%.
45,222,after_shift,0,"[4, 1, 9, 6]",6,9,[9],1,1,0.4716981132075472,False,The learned policy selected page 6 because it received the highest predicted eviction score among the current resident pages. It was last accessed 1 reference ago and appeared 1 time in the recent 20-reference window. Model confidence: 47.2%.
45,223,after_shift,6,"[4, 1, 9, 0]",0,9,[9],1,1,0.4716981132075472,False,The learned policy selected page 0 because it received the highest predicted eviction score among the current resident pages. It was last accessed 1 reference ago and appeared 1 time in the recent 20-reference window. Model confidence: 47.2%.
45,224,after_shift,15,"[4, 1, 9, 6]",6,6,[6],1,2,0.3592233009708738,True,The learned policy selected page 6 because it received the highest predicted eviction score among the current resident pages. It was last accessed 1 reference ago and appeared 2 times in the recent 20-reference window. Model confidence: 35.9%.
45,226,after_shift,0,"[4, 1, 9, 15]",1,1,[1],1,5,0.3288409703504043,True,The learned policy selected page 1 because it received the highest predicted eviction score among the current resident pages. It was last accessed 1 reference ago and appeared 5 times in the recent 20-reference window. Model confidence: 32.9%.
45,227,after_shift,14,"[4, 9, 15, 0]",0,0,[0],1,2,0.3592233009708738,True,The learned policy selected page 0 because it received the highest predicted eviction score among the current resident pages. It was last accessed 1 reference ago and appeared 2 times in the recent 20-reference window. Model confidence: 35.9%.
45,228,after_shift,13,"[4, 9, 15, 14]",14,14,[14],1,2,0.3592233009708738,True,The learned policy selected page 14 because it received the highest predicted eviction score among the current resident pages. It was last accessed 1 reference ago and appeared 2 times in the recent 20-reference window. Model confidence: 35.9%.
45,233,after_shift,1,"[4, 9, 15, 13]",13,15,[15],5,1,0.3893805309734513,False,The learned policy selected page 13 because it received the highest predicted eviction score among the current resident pages. It was last accessed 5 references ago and appeared 1 time in the recent 20-reference window. Model confidence: 38.9%.
45,234,after_shift,13,"[4, 9, 15, 1]",9,15,[15],4,1,0.3488372093023256,False,The learned policy selected page 9 because it received the highest predicted eviction score among the current resident pages. It was last accessed 4 references ago and appeared 1 time in the recent 20-reference window. Model confidence: 34.9%.
45,235,after_shift,9,"[4, 15, 1, 13]",13,15,[15],1,2,0.3592233009708738,False,The learned policy selected page 13 because it received the highest predicted eviction score among the current resident pages. It was last accessed 1 reference ago and appeared 2 times in the recent 20-reference window. Model confidence: 35.9%.
45,236,after_shift,5,"[4, 15, 1, 9]",9,15,[15],1,2,0.3592233009708738,False,The learned policy selected page 9 because it received the highest predicted eviction score among the current resident pages. It was last accessed 1 reference ago and appeared 2 times in the recent 20-reference window. Model confidence: 35.9%.
45,237,after_shift,9,"[4, 15, 1, 5]",5,15,[15],1,1,0.4716981132075472,False,The learned policy selected page 5 because it received the highest predicted eviction score among the current resident pages. It was last accessed 1 reference ago and appeared 1 time in the recent 20-reference window. Model confidence: 47.2%.
45,238,after_shift,5,"[4, 15, 1, 9]",9,15,[15],1,3,0.27485380116959063,False,The learned policy selected page 9 because it received the highest predicted eviction score among the current resident pages. It was last accessed 1 reference ago and appeared 3 times in the recent 20-reference window. Model confidence: 27.5%.
45,241,after_shift,9,"[4, 15, 1, 5]",4,15,[15],1,4,0.3288409703504043,False,The learned policy selected page 4 because it received the highest predicted eviction score among the current resident pages. It was last accessed 1 reference ago and appeared 4 times in the recent 20-reference window. Model confidence: 32.9%.
45,242,after_shift,4,"[15, 1, 5, 9]",9,15,[15],1,4,0.3288409703504043,False,The learned policy selected page 9 because it received the highest predicted eviction score among the current resident pages. It was last accessed 1 reference ago and appeared 4 times in the recent 20-reference window. Model confidence: 32.9%.
45,243,after_shift,7,"[15, 1, 5, 4]",4,15,[15],1,5,0.3288409703504043,False,The learned policy selected page 4 because it received the highest predicted eviction score among the current resident pages. It was last accessed 1 reference ago and appeared 5 times in the recent 20-reference window. Model confidence: 32.9%.
45,246,after_shift,4,"[15, 1, 5, 7]",15,15,[15],14,1,0.5,True,The learned policy selected page 15 because it received the highest predicted eviction score among the current resident pages. It was last accessed 14 references ago and appeared 1 time in the recent 20-reference window. Model confidence: 50.0%.
45,252,after_shift,13,"[1, 5, 7, 4]",7,5,[5],1,5,0.3288409703504043,False,The learned policy selected page 7 because it received the highest predicted eviction score among the current resident pages. It was last accessed 1 reference ago and appeared 5 times in the recent 20-reference window. Model confidence: 32.9%.
45,254,after_shift,3,"[1, 5, 4, 13]",4,5,[5],1,6,0.3288409703504043,False,The learned policy selected page 4 because it received the highest predicted eviction score among the current resident pages. It was last accessed 1 reference ago and appeared 6 times in the recent 20-reference window. Model confidence: 32.9%.
45,255,after_shift,7,"[1, 5, 13, 3]",3,5,[5],1,1,0.4716981132075472,False,The learned policy selected page 3 because it received the highest predicted eviction score among the current resident pages. It was last accessed 1 reference ago and appeared 1 time in the recent 20-reference window. Model confidence: 47.2%.
45,256,after_shift,3,"[1, 5, 13, 7]",5,5,[5],11,4,0.4,True,The learned policy selected page 5 because it received the highest predicted eviction score among the current resident pages. It was last accessed 11 references ago and appeared 4 times in the recent 20-reference window. Model confidence: 40.0%.
45,263,after_shift,8,"[1, 13, 7, 3]",1,7,[7],4,1,0.3488372093023256,False,The learned policy selected page 1 because it received the highest predicted eviction score among the current resident pages. It was last accessed 4 references ago and appeared 1 time in the recent 20-reference window. Model confidence: 34.9%.
45,266,after_shift,6,"[13, 7, 3, 8]",13,7,[7],1,6,0.3288409703504043,False,The learned policy selected page 13 because it received the highest predicted eviction score among the current resident pages. It was last accessed 1 reference ago and appeared 6 times in the recent 20-reference window. Model confidence: 32.9%.
45,268,after_shift,9,"[7, 3, 8, 6]",8,7,[7],5,1,0.3893805309734513,False,The learned policy selected page 8 because it received the highest predicted eviction score among the current resident pages. It was last accessed 5 references ago and appeared 1 time in the recent 20-reference window. Model confidence: 38.9%.
45,269,after_shift,8,"[7, 3, 6, 9]",9,7,[7],1,1,0.4716981132075472,False,The learned policy selected page 9 because it received the highest predicted eviction score among the current resident pages. It was last accessed 1 reference ago and appeared 1 time in the recent 20-reference window. Model confidence: 47.2%.
45,270,after_shift,11,"[7, 3, 6, 8]",7,7,[7],10,4,0.4,True,The learned policy selected page 7 because it received the highest predicted eviction score among the current resident pages. It was last accessed 10 references ago and appeared 4 times in the recent 20-reference window. Model confidence: 40.0%.
45,271,after_shift,13,"[3, 6, 8, 11]",11,3,[3],1,1,0.4716981132075472,False,The learned policy selected page 11 because it received the highest predicted eviction score among the current resident pages. It was last accessed 1 reference ago and appeared 1 time in the recent 20-reference window. Model confidence: 47.2%.
45,274,after_shift,1,"[3, 6, 8, 13]",8,8,[8],1,3,0.27485380116959063,True,The learned policy selected page 8 because it received the highest predicted eviction score among the current resident pages. It was last accessed 1 reference ago and appeared 3 times in the recent 20-reference window. Model confidence: 27.5%.
45,275,after_shift,4,"[3, 6, 13, 1]",1,13,[13],1,2,0.3592233009708738,False,The learned policy selected page 1 because it received the highest predicted eviction score among the current resident pages. It was last accessed 1 reference ago and appeared 2 times in the recent 20-reference window. Model confidence: 35.9%.
45,276,after_shift,11,"[3, 6, 13, 4]",4,13,[13],1,1,0.4716981132075472,False,The learned policy selected page 4 because it received the highest predicted eviction score among the current resident pages. It was last accessed 1 reference ago and appeared 1 time in the recent 20-reference window. Model confidence: 47.2%.
45,277,after_shift,2,"[3, 6, 13, 11]",11,13,[13],1,2,0.3592233009708738,False,The learned policy selected page 11 because it received the highest predicted eviction score among the current resident pages. It was last accessed 1 reference ago and appeared 2 times in the recent 20-reference window. Model confidence: 35.9%.
45,278,after_shift,4,"[3, 6, 13, 2]",2,13,[13],1,1,0.4716981132075472,False,The learned policy selected page 2 because it received the highest predicted eviction score among the current resident pages. It was last accessed 1 reference ago and appeared 1 time in the recent 20-reference window. Model confidence: 47.2%.
45,279,after_shift,11,"[3, 6, 13, 4]",4,4,[4],1,2,0.3592233009708738,True,The learned policy selected page 4 because it received the highest predicted eviction score among the current resident pages. It was last accessed 1 reference ago and appeared 2 times in the recent 20-reference window. Model confidence: 35.9%.
45,282,after_shift,1,"[3, 6, 13, 11]",13,11,[11],10,5,0.4,False,The learned policy selected page 13 because it received the highest predicted eviction score among the current resident pages. It was last accessed 10 references ago and appeared 5 times in the recent 20-reference window. Model confidence: 40.0%.
45,283,after_shift,5,"[3, 6, 11, 1]",1,1,[1],1,2,0.3592233009708738,True,The learned policy selected page 1 because it received the highest predicted eviction score among the current resident pages. It was last accessed 1 reference ago and appeared 2 times in the recent 20-reference window. Model confidence: 35.9%.
45,284,after_shift,12,"[3, 6, 11, 5]",5,11,[11],1,1,0.4716981132075472,False,The learned policy selected page 5 because it received the highest predicted eviction score among the current resident pages. It was last accessed 1 reference ago and appeared 1 time in the recent 20-reference window. Model confidence: 47.2%.
45,285,after_shift,2,"[3, 6, 11, 12]",12,12,[12],1,1,0.4716981132075472,True,The learned policy selected page 12 because it received the highest predicted eviction score among the current resident pages. It was last accessed 1 reference ago and appeared 1 time in the recent 20-reference window. Model confidence: 47.2%.
45,288,after_shift,10,"[3, 6, 11, 2]",3,11,[11],1,1,0.4716981132075472,False,The learned policy selected page 3 because it received the highest predicted eviction score among the current resident pages. It was last accessed 1 reference ago and appeared 1 time in the recent 20-reference window. Model confidence: 47.2%.
45,289,after_shift,13,"[6, 11, 2, 10]",10,11,[11],1,1,0.4716981132075472,False,The learned policy selected page 10 because it received the highest predicted eviction score among the current resident pages. It was last accessed 1 reference ago and appeared 1 time in the recent 20-reference window. Model confidence: 47.2%.
45,290,after_shift,10,"[6, 11, 2, 13]",13,11,[11],1,3,0.27485380116959063,False,The learned policy selected page 13 because it received the highest predicted eviction score among the current resident pages. It was last accessed 1 reference ago and appeared 3 times in the recent 20-reference window. Model confidence: 27.5%.
45,291,after_shift,4,"[6, 11, 2, 10]",10,11,[11],1,2,0.3592233009708738,False,The learned policy selected page 10 because it received the highest predicted eviction score among the current resident pages. It was last accessed 1 reference ago and appeared 2 times in the recent 20-reference window. Model confidence: 35.9%.
45,294,after_shift,10,"[6, 11, 2, 4]",2,6,[6],1,4,0.3288409703504043,False,The learned policy selected page 2 because it received the highest predicted eviction score among the current resident pages. It was last accessed 1 reference ago and appeared 4 times in the recent 20-reference window. Model confidence: 32.9%.
45,295,after_shift,13,"[6, 11, 4, 10]",10,6,[6],1,3,0.27485380116959063,False,The learned policy selected page 10 because it received the highest predicted eviction score among the current resident pages. It was last accessed 1 reference ago and appeared 3 times in the recent 20-reference window. Model confidence: 27.5%.
45,297,after_shift,3,"[6, 11, 4, 13]",13,6,[6],2,2,0.2919254658385093,False,The learned policy selected page 13 because it received the highest predicted eviction score among the current resident pages. It was last accessed 2 references ago and appeared 2 times in the recent 20-reference window. Model confidence: 29.2%.
45,298,after_shift,13,"[6, 11, 4, 3]",3,6,[6],1,2,0.3592233009708738,False,The learned policy selected page 3 because it received the highest predicted eviction score among the current resident pages. It was last accessed 1 reference ago and appeared 2 times in the recent 20-reference window. Model confidence: 35.9%.
45,299,after_shift,5,"[6, 11, 4, 13]",13,6,[6],1,3,0.27485380116959063,False,The learned policy selected page 13 because it received the highest predicted eviction score among the current resident pages. It was last accessed 1 reference ago and appeared 3 times in the recent 20-reference window. Model confidence: 27.5%.
45,302,after_shift,3,"[6, 11, 4, 5]",4,4,[4],1,3,0.27485380116959063,True,The learned policy selected page 4 because it received the highest predicted eviction score among the current resident pages. It was last accessed 1 reference ago and appeared 3 times in the recent 20-reference window. Model confidence: 27.5%.
45,303,after_shift,0,"[6, 11, 5, 3]",3,6,[6],1,3,0.27485380116959063,False,The learned policy selected page 3 because it received the highest predicted eviction score among the current resident pages. It was last accessed 1 reference ago and appeared 3 times in the recent 20-reference window. Model confidence: 27.5%.
45,304,after_shift,8,"[6, 11, 5, 0]",0,6,[6],1,1,0.4716981132075472,False,The learned policy selected page 0 because it received the highest predicted eviction score among the current resident pages. It was last accessed 1 reference ago and appeared 1 time in the recent 20-reference window. Model confidence: 47.2%.
45,305,after_shift,13,"[6, 11, 5, 8]",6,6,[6],13,1,0.5,True,The learned policy selected page 6 because it received the highest predicted eviction score among the current resident pages. It was last accessed 13 references ago and appeared 1 time in the recent 20-reference window. Model confidence: 50.0%.
45,306,after_shift,14,"[11, 5, 8, 13]",13,8,[8],1,4,0.3288409703504043,False,The learned policy selected page 13 because it received the highest predicted eviction score among the current resident pages. It was last accessed 1 reference ago and appeared 4 times in the recent 20-reference window. Model confidence: 32.9%.
45,308,after_shift,13,"[11, 5, 8, 14]",11,8,[8],1,1,0.4716981132075472,False,The learned policy selected page 11 because it received the highest predicted eviction score among the current resident pages. It was last accessed 1 reference ago and appeared 1 time in the recent 20-reference window. Model confidence: 47.2%.
45,309,after_shift,11,"[5, 8, 14, 13]",8,8,[8],5,1,0.3893805309734513,True,The learned policy selected page 8 because it received the highest predicted eviction score among the current resident pages. It was last accessed 5 references ago and appeared 1 time in the recent 20-reference window. Model confidence: 38.9%.
45,310,after_shift,3,"[5, 14, 13, 11]",11,11,[11],1,2,0.3592233009708738,True,The learned policy selected page 11 because it received the highest predicted eviction score among the current resident pages. It was last accessed 1 reference ago and appeared 2 times in the recent 20-reference window. Model confidence: 35.9%.
45,314,after_shift,12,"[5, 14, 13, 3]",14,5,[5],1,2,0.3592233009708738,False,The learned policy selected page 14 because it received the highest predicted eviction score among the current resident pages. It was last accessed 1 reference ago and appeared 2 times in the recent 20-reference window. Model confidence: 35.9%.
45,315,after_shift,8,"[5, 13, 3, 12]",12,5,[5],1,1,0.4716981132075472,False,The learned policy selected page 12 because it received the highest predicted eviction score among the current resident pages. It was last accessed 1 reference ago and appeared 1 time in the recent 20-reference window. Model confidence: 47.2%.
45,318,after_shift,2,"[5, 13, 3, 8]",13,5,[5],1,5,0.3288409703504043,False,The learned policy selected page 13 because it received the highest predicted eviction score among the current resident pages. It was last accessed 1 reference ago and appeared 5 times in the recent 20-reference window. Model confidence: 32.9%.
45,319,after_shift,0,"[5, 3, 8, 2]",2,5,[5],1,1,0.4716981132075472,False,The learned policy selected page 2 because it received the highest predicted eviction score among the current resident pages. It was last accessed 1 reference ago and appeared 1 time in the recent 20-reference window. Model confidence: 47.2%.
45,321,after_shift,15,"[5, 3, 8, 0]",0,5,[5],1,3,0.27485380116959063,False,The learned policy selected page 0 because it received the highest predicted eviction score among the current resident pages. It was last accessed 1 reference ago and appeared 3 times in the recent 20-reference window. Model confidence: 27.5%.
45,322,after_shift,2,"[5, 3, 8, 15]",15,5,[5],1,1,0.4716981132075472,False,The learned policy selected page 15 because it received the highest predicted eviction score among the current resident pages. It was last accessed 1 reference ago and appeared 1 time in the recent 20-reference window. Model confidence: 47.2%.
45,324,after_shift,9,"[5, 3, 8, 2]",2,5,[5],2,2,0.2919254658385093,False,The learned policy selected page 2 because it received the highest predicted eviction score among the current resident pages. It was last accessed 2 references ago and appeared 2 times in the recent 20-reference window. Model confidence: 29.2%.
45,326,after_shift,2,"[5, 3, 8, 9]",5,5,[5],14,1,0.5,True,The learned policy selected page 5 because it received the highest predicted eviction score among the current resident pages. It was last accessed 14 references ago and appeared 1 time in the recent 20-reference window. Model confidence: 50.0%.
45,328,after_shift,12,"[3, 8, 9, 2]",8,2,[2],13,1,0.5,False,The learned policy selected page 8 because it received the highest predicted eviction score among the current resident pages. It was last accessed 13 references ago and appeared 1 time in the recent 20-reference window. Model confidence: 50.0%.
45,329,after_shift,7,"[3, 9, 2, 12]",9,2,[2],5,1,0.3893805309734513,False,The learned policy selected page 9 because it received the highest predicted eviction score among the current resident pages. It was last accessed 5 references ago and appeared 1 time in the recent 20-reference window. Model confidence: 38.9%.
45,330,after_shift,8,"[3, 2, 12, 7]",7,2,[2],1,1,0.4716981132075472,False,The learned policy selected page 7 because it received the highest predicted eviction score among the current resident pages. It was last accessed 1 reference ago and appeared 1 time in the recent 20-reference window. Model confidence: 47.2%.
45,333,after_shift,13,"[3, 2, 12, 8]",3,2,[2],1,6,0.3288409703504043,False,The learned policy selected page 3 because it received the highest predicted eviction score among the current resident pages. It was last accessed 1 reference ago and appeared 6 times in the recent 20-reference window. Model confidence: 32.9%.
45,334,after_shift,0,"[2, 12, 8, 13]",13,2,[2],1,2,0.3592233009708738,False,The learned policy selected page 13 because it received the highest predicted eviction score among the current resident pages. It was last accessed 1 reference ago and appeared 2 times in the recent 20-reference window. Model confidence: 35.9%.
45,335,after_shift,9,"[2, 12, 8, 0]",0,2,[2],1,3,0.27485380116959063,False,The learned policy selected page 0 because it received the highest predicted eviction score among the current resident pages. It was last accessed 1 reference ago and appeared 3 times in the recent 20-reference window. Model confidence: 27.5%.
45,336,after_shift,15,"[2, 12, 8, 9]",9,2,[2],1,2,0.3592233009708738,False,The learned policy selected page 9 because it received the highest predicted eviction score among the current resident pages. It was last accessed 1 reference ago and appeared 2 times in the recent 20-reference window. Model confidence: 35.9%.
45,337,after_shift,9,"[2, 12, 8, 15]",15,2,[2],1,2,0.3592233009708738,False,The learned policy selected page 15 because it received the highest predicted eviction score among the current resident pages. It was last accessed 1 reference ago and appeared 2 times in the recent 20-reference window. Model confidence: 35.9%.
45,338,after_shift,7,"[2, 12, 8, 9]",9,2,[2],1,3,0.27485380116959063,False,The learned policy selected page 9 because it received the highest predicted eviction score among the current resident pages. It was last accessed 1 reference ago and appeared 3 times in the recent 20-reference window. Model confidence: 27.5%.
45,340,after_shift,14,"[2, 12, 8, 7]",8,2,[2],1,2,0.3592233009708738,False,The learned policy selected page 8 because it received the highest predicted eviction score among the current resident pages. It was last accessed 1 reference ago and appeared 2 times in the recent 20-reference window. Model confidence: 35.9%.
45,343,after_shift,9,"[2, 12, 7, 14]",7,2,[2],1,4,0.3288409703504043,False,The learned policy selected page 7 because it received the highest predicted eviction score among the current resident pages. It was last accessed 1 reference ago and appeared 4 times in the recent 20-reference window. Model confidence: 32.9%.
45,344,after_shift,11,"[2, 12, 14, 9]",14,2,[2],4,1,0.3488372093023256,False,The learned policy selected page 14 because it received the highest predicted eviction score among the current resident pages. It was last accessed 4 references ago and appeared 1 time in the recent 20-reference window. Model confidence: 34.9%.
45,345,after_shift,1,"[2, 12, 9, 11]",11,2,[2],1,1,0.4716981132075472,False,The learned policy selected page 11 because it received the highest predicted eviction score among the current resident pages. It was last accessed 1 reference ago and appeared 1 time in the recent 20-reference window. Model confidence: 47.2%.
45,346,after_shift,15,"[2, 12, 9, 1]",1,2,[2],1,1,0.4716981132075472,False,The learned policy selected page 1 because it received the highest predicted eviction score among the current resident pages. It was last accessed 1 reference ago and appeared 1 time in the recent 20-reference window. Model confidence: 47.2%.
45,350,after_shift,7,"[2, 12, 9, 15]",15,2,"[2, 15]",1,4,0.3288409703504043,True,The learned policy selected page 15 because it received the highest predicted eviction score among the current resident pages. It was last accessed 1 reference ago and appeared 4 times in the recent 20-reference window. Model confidence: 32.9%.
45,351,after_shift,10,"[2, 12, 9, 7]",7,2,[2],1,4,0.3288409703504043,False,The learned policy selected page 7 because it received the highest predicted eviction score among the current resident pages. It was last accessed 1 reference ago and appeared 4 times in the recent 20-reference window. Model confidence: 32.9%.
45,353,after_shift,13,"[2, 12, 9, 10]",12,2,[2],1,1,0.4716981132075472,False,The learned policy selected page 12 because it received the highest predicted eviction score among the current resident pages. It was last accessed 1 reference ago and appeared 1 time in the recent 20-reference window. Model confidence: 47.2%.
45,355,after_shift,12,"[2, 9, 10, 13]",13,2,[2],1,2,0.3592233009708738,False,The learned policy selected page 13 because it received the highest predicted eviction score among the current resident pages. It was last accessed 1 reference ago and appeared 2 times in the recent 20-reference window. Model confidence: 35.9%.
45,356,after_shift,13,"[2, 9, 10, 12]",10,2,[2],5,1,0.3893805309734513,False,The learned policy selected page 10 because it received the highest predicted eviction score among the current resident pages. It was last accessed 5 references ago and appeared 1 time in the recent 20-reference window. Model confidence: 38.9%.
45,358,after_shift,6,"[2, 9, 12, 13]",12,2,[2],1,3,0.27485380116959063,False,The learned policy selected page 12 because it received the highest predicted eviction score among the current resident pages. It was last accessed 1 reference ago and appeared 3 times in the recent 20-reference window. Model confidence: 27.5%.
45,359,after_shift,10,"[2, 9, 13, 6]",6,2,[2],1,1,0.4716981132075472,False,The learned policy selected page 6 because it received the highest predicted eviction score among the current resident pages. It was last accessed 1 reference ago and appeared 1 time in the recent 20-reference window. Model confidence: 47.2%.
45,360,after_shift,12,"[2, 9, 13, 10]",10,2,[2],1,2,0.3592233009708738,False,The learned policy selected page 10 because it received the highest predicted eviction score among the current resident pages. It was last accessed 1 reference ago and appeared 2 times in the recent 20-reference window. Model confidence: 35.9%.
45,361,after_shift,0,"[2, 9, 13, 12]",12,2,[2],1,4,0.3288409703504043,False,The learned policy selected page 12 because it received the highest predicted eviction score among the current resident pages. It was last accessed 1 reference ago and appeared 4 times in the recent 20-reference window. Model confidence: 32.9%.
45,364,after_shift,4,"[2, 9, 13, 0]",0,2,"[2, 13]",1,2,0.3592233009708738,False,The learned policy selected page 0 because it received the highest predicted eviction score among the current resident pages. It was last accessed 1 reference ago and appeared 2 times in the recent 20-reference window. Model confidence: 35.9%.
45,365,after_shift,12,"[2, 9, 13, 4]",4,2,"[2, 13, 4]",1,1,0.4716981132075472,True,The learned policy selected page 4 because it received the highest predicted eviction score among the current resident pages. It was last accessed 1 reference ago and appeared 1 time in the recent 20-reference window. Model confidence: 47.2%.
45,366,after_shift,10,"[2, 9, 13, 12]",12,2,"[2, 13]",1,5,0.3288409703504043,False,The learned policy selected page 12 because it received the highest predicted eviction score among the current resident pages. It was last accessed 1 reference ago and appeared 5 times in the recent 20-reference window. Model confidence: 32.9%.
45,367,after_shift,12,"[2, 9, 13, 10]",10,2,"[2, 13]",1,3,0.27485380116959063,False,The learned policy selected page 10 because it received the highest predicted eviction score among the current resident pages. It was last accessed 1 reference ago and appeared 3 times in the recent 20-reference window. Model confidence: 27.5%.
45,368,after_shift,8,"[2, 9, 13, 12]",12,2,"[2, 13]",1,6,0.3288409703504043,False,The learned policy selected page 12 because it received the highest predicted eviction score among the current resident pages. It was last accessed 1 reference ago and appeared 6 times in the recent 20-reference window. Model confidence: 32.9%.
45,369,after_shift,12,"[2, 9, 13, 8]",8,2,"[2, 13]",1,1,0.4716981132075472,False,The learned policy selected page 8 because it received the highest predicted eviction score among the current resident pages. It was last accessed 1 reference ago and appeared 1 time in the recent 20-reference window. Model confidence: 47.2%.
45,372,after_shift,0,"[2, 9, 13, 12]",13,2,"[2, 9, 13]",10,4,0.4,True,The learned policy selected page 13 because it received the highest predicted eviction score among the current resident pages. It was last accessed 10 references ago and appeared 4 times in the recent 20-reference window. Model confidence: 40.0%.
45,374,after_shift,10,"[2, 9, 12, 0]",9,2,"[2, 9, 12]",4,1,0.3488372093023256,True,The learned policy selected page 9 because it received the highest predicted eviction score among the current resident pages. It was last accessed 4 references ago and appeared 1 time in the recent 20-reference window. Model confidence: 34.9%.
45,376,after_shift,14,"[2, 12, 0, 10]",0,2,"[2, 12]",1,4,0.3288409703504043,False,The learned policy selected page 0 because it received the highest predicted eviction score among the current resident pages. It was last accessed 1 reference ago and appeared 4 times in the recent 20-reference window. Model confidence: 32.9%.
45,377,after_shift,5,"[2, 12, 10, 14]",14,2,"[2, 12]",1,1,0.4716981132075472,False,The learned policy selected page 14 because it received the highest predicted eviction score among the current resident pages. It was last accessed 1 reference ago and appeared 1 time in the recent 20-reference window. Model confidence: 47.2%.
45,378,after_shift,0,"[2, 12, 10, 5]",5,2,"[2, 12]",1,1,0.4716981132075472,False,The learned policy selected page 5 because it received the highest predicted eviction score among the current resident pages. It was last accessed 1 reference ago and appeared 1 time in the recent 20-reference window. Model confidence: 47.2%.
45,380,after_shift,6,"[2, 12, 10, 0]",10,2,"[2, 12]",1,3,0.27485380116959063,False,The learned policy selected page 10 because it received the highest predicted eviction score among the current resident pages. It was last accessed 1 reference ago and appeared 3 times in the recent 20-reference window. Model confidence: 27.5%.
45,381,after_shift,5,"[2, 12, 0, 6]",6,2,"[2, 12, 6]",1,1,0.4716981132075472,True,The learned policy selected page 6 because it received the highest predicted eviction score among the current resident pages. It was last accessed 1 reference ago and appeared 1 time in the recent 20-reference window. Model confidence: 47.2%.
45,382,after_shift,10,"[2, 12, 0, 5]",5,2,"[2, 12]",1,2,0.3592233009708738,False,The learned policy selected page 5 because it received the highest predicted eviction score among the current resident pages. It was last accessed 1 reference ago and appeared 2 times in the recent 20-reference window. Model confidence: 35.9%.
45,384,after_shift,11,"[2, 12, 0, 10]",12,2,"[2, 12, 10]",11,5,0.4,True,The learned policy selected page 12 because it received the highest predicted eviction score among the current resident pages. It was last accessed 11 references ago and appeared 5 times in the recent 20-reference window. Model confidence: 40.0%.
45,385,after_shift,1,"[2, 0, 10, 11]",11,2,"[2, 10]",1,1,0.4716981132075472,False,The learned policy selected page 11 because it received the highest predicted eviction score among the current resident pages. It was last accessed 1 reference ago and appeared 1 time in the recent 20-reference window. Model confidence: 47.2%.
45,386,after_shift,7,"[2, 0, 10, 1]",1,2,"[2, 10]",1,1,0.4716981132075472,False,The learned policy selected page 1 because it received the highest predicted eviction score among the current resident pages. It was last accessed 1 reference ago and appeared 1 time in the recent 20-reference window. Model confidence: 47.2%.
45,387,after_shift,5,"[2, 0, 10, 7]",7,2,"[2, 10]",1,1,0.4716981132075472,False,The learned policy selected page 7 because it received the highest predicted eviction score among the current resident pages. It was last accessed 1 reference ago and appeared 1 time in the recent 20-reference window. Model confidence: 47.2%.
45,388,after_shift,11,"[2, 0, 10, 5]",5,2,"[2, 10]",1,3,0.27485380116959063,False,The learned policy selected page 5 because it received the highest predicted eviction score among the current resident pages. It was last accessed 1 reference ago and appeared 3 times in the recent 20-reference window. Model confidence: 27.5%.
45,389,after_shift,3,"[2, 0, 10, 11]",11,2,"[2, 10]",1,2,0.3592233009708738,False,The learned policy selected page 11 because it received the highest predicted eviction score among the current resident pages. It was last accessed 1 reference ago and appeared 2 times in the recent 20-reference window. Model confidence: 35.9%.
45,391,after_shift,11,"[2, 0, 10, 3]",3,2,"[2, 10, 3]",1,2,0.3592233009708738,True,The learned policy selected page 3 because it received the highest predicted eviction score among the current resident pages. It was last accessed 1 reference ago and appeared 2 times in the recent 20-reference window. Model confidence: 35.9%.
45,395,after_shift,5,"[2, 0, 10, 11]",0,2,"[2, 0, 10, 11]",1,3,0.27485380116959063,True,The learned policy selected page 0 because it received the highest predicted eviction score among the current resident pages. It was last accessed 1 reference ago and appeared 3 times in the recent 20-reference window. Model confidence: 27.5%.
45,396,after_shift,1,"[2, 10, 11, 5]",5,2,"[2, 10, 11, 5]",1,4,0.3288409703504043,True,The learned policy selected page 5 because it received the highest predicted eviction score among the current resident pages. It was last accessed 1 reference ago and appeared 4 times in the recent 20-reference window. Model confidence: 32.9%.
45,397,after_shift,8,"[2, 10, 11, 1]",1,2,"[2, 10, 11, 1]",1,2,0.3592233009708738,True,The learned policy selected page 1 because it received the highest predicted eviction score among the current resident pages. It was last accessed 1 reference ago and appeared 2 times in the recent 20-reference window. Model confidence: 35.9%.
45,398,after_shift,14,"[2, 10, 11, 8]",8,2,"[2, 10, 11, 8]",1,1,0.4716981132075472,True,The learned policy selected page 8 because it received the highest predicted eviction score among the current resident pages. It was last accessed 1 reference ago and appeared 1 time in the recent 20-reference window. Model confidence: 47.2%.
45,399,after_shift,7,"[2, 10, 11, 14]",14,2,"[2, 10, 11, 14]",1,1,0.4716981132075472,True,The learned policy selected page 14 because it received the highest predicted eviction score among the current resident pages. It was last accessed 1 reference ago and appeared 1 time in the recent 20-reference window. Model confidence: 47.2%.
46,28,before_shift,5,"[2, 3, 0, 1]",0,3,[3],1,6,0.3288409703504043,False,The learned policy selected page 0 because it received the highest predicted eviction score among the current resident pages. It was last accessed 1 reference ago and appeared 6 times in the recent 20-reference window. Model confidence: 32.9%.
46,29,before_shift,0,"[2, 3, 1, 5]",5,5,[5],1,1,0.4716981132075472,True,The learned policy selected page 5 because it received the highest predicted eviction score among the current resident pages. It was last accessed 1 reference ago and appeared 1 time in the recent 20-reference window. Model confidence: 47.2%.
46,39,before_shift,5,"[2, 3, 1, 0]",1,1,[1],1,6,0.3288409703504043,True,The learned policy selected page 1 because it received the highest predicted eviction score among the current resident pages. It was last accessed 1 reference ago and appeared 6 times in the recent 20-reference window. Model confidence: 32.9%.
46,43,before_shift,1,"[2, 3, 0, 5]",0,5,[5],1,5,0.3288409703504043,False,The learned policy selected page 0 because it received the highest predicted eviction score among the current resident pages. It was last accessed 1 reference ago and appeared 5 times in the recent 20-reference window. Model confidence: 32.9%.
46,46,before_shift,0,"[2, 3, 5, 1]",3,5,[5],1,4,0.3288409703504043,False,The learned policy selected page 3 because it received the highest predicted eviction score among the current resident pages. It was last accessed 1 reference ago and appeared 4 times in the recent 20-reference window. Model confidence: 32.9%.
46,49,before_shift,3,"[2, 5, 1, 0]",2,5,[5],1,5,0.3288409703504043,False,The learned policy selected page 2 because it received the highest predicted eviction score among the current resident pages. It was last accessed 1 reference ago and appeared 5 times in the recent 20-reference window. Model confidence: 32.9%.
46,52,before_shift,2,"[5, 1, 0, 3]",5,0,[0],13,1,0.5,False,The learned policy selected page 5 because it received the highest predicted eviction score among the current resident pages. It was last accessed 13 references ago and appeared 1 time in the recent 20-reference window. Model confidence: 50.0%.
46,53,before_shift,5,"[1, 0, 3, 2]",2,2,[2],1,5,0.3288409703504043,True,The learned policy selected page 2 because it received the highest predicted eviction score among the current resident pages. It was last accessed 1 reference ago and appeared 5 times in the recent 20-reference window. Model confidence: 32.9%.
46,56,before_shift,4,"[1, 0, 3, 5]",1,5,[5],1,5,0.3288409703504043,False,The learned policy selected page 1 because it received the highest predicted eviction score among the current resident pages. It was last accessed 1 reference ago and appeared 5 times in the recent 20-reference window. Model confidence: 32.9%.
46,58,before_shift,1,"[0, 3, 5, 4]",0,4,[4],1,4,0.3288409703504043,False,The learned policy selected page 0 because it received the highest predicted eviction score among the current resident pages. It was last accessed 1 reference ago and appeared 4 times in the recent 20-reference window. Model confidence: 32.9%.
46,59,before_shift,2,"[3, 5, 4, 1]",1,4,[4],1,5,0.3288409703504043,False,The learned policy selected page 1 because it received the highest predicted eviction score among the current resident pages. It was last accessed 1 reference ago and appeared 5 times in the recent 20-reference window. Model confidence: 32.9%.
46,61,before_shift,1,"[3, 5, 4, 2]",4,4,[4],5,1,0.3893805309734513,True,The learned policy selected page 4 because it received the highest predicted eviction score among the current resident pages. It was last accessed 5 references ago and appeared 1 time in the recent 20-reference window. Model confidence: 38.9%.
46,62,before_shift,0,"[3, 5, 2, 1]",1,5,[5],1,6,0.3288409703504043,False,The learned policy selected page 1 because it received the highest predicted eviction score among the current resident pages. It was last accessed 1 reference ago and appeared 6 times in the recent 20-reference window. Model confidence: 32.9%.
46,64,before_shift,1,"[3, 5, 2, 0]",0,5,[5],1,5,0.3288409703504043,False,The learned policy selected page 0 because it received the highest predicted eviction score among the current resident pages. It was last accessed 1 reference ago and appeared 5 times in the recent 20-reference window. Model confidence: 32.9%.
46,65,before_shift,0,"[3, 5, 2, 1]",1,5,[5],1,6,0.3288409703504043,False,The learned policy selected page 1 because it received the highest predicted eviction score among the current resident pages. It was last accessed 1 reference ago and appeared 6 times in the recent 20-reference window. Model confidence: 32.9%.
46,69,before_shift,1,"[3, 5, 2, 0]",0,5,[5],1,6,0.3288409703504043,False,The learned policy selected page 0 because it received the highest predicted eviction score among the current resident pages. It was last accessed 1 reference ago and appeared 6 times in the recent 20-reference window. Model confidence: 32.9%.
46,72,before_shift,0,"[3, 5, 2, 1]",3,5,[5],1,4,0.3288409703504043,False,The learned policy selected page 3 because it received the highest predicted eviction score among the current resident pages. It was last accessed 1 reference ago and appeared 4 times in the recent 20-reference window. Model confidence: 32.9%.
46,76,before_shift,3,"[5, 2, 1, 0]",2,5,[5],1,4,0.3288409703504043,False,The learned policy selected page 2 because it received the highest predicted eviction score among the current resident pages. It was last accessed 1 reference ago and appeared 4 times in the recent 20-reference window. Model confidence: 32.9%.
46,79,before_shift,2,"[5, 1, 0, 3]",1,5,[5],1,5,0.3288409703504043,False,The learned policy selected page 1 because it received the highest predicted eviction score among the current resident pages. It was last accessed 1 reference ago and appeared 5 times in the recent 20-reference window. Model confidence: 32.9%.
46,82,before_shift,1,"[5, 0, 3, 2]",0,5,[5],1,8,0.3288409703504043,False,The learned policy selected page 0 because it received the highest predicted eviction score among the current resident pages. It was last accessed 1 reference ago and appeared 8 times in the recent 20-reference window. Model confidence: 32.9%.
46,86,before_shift,0,"[5, 3, 2, 1]",3,5,[5],1,5,0.3288409703504043,False,The learned policy selected page 3 because it received the highest predicted eviction score among the current resident pages. It was last accessed 1 reference ago and appeared 5 times in the recent 20-reference window. Model confidence: 32.9%.
46,90,before_shift,3,"[5, 2, 1, 0]",1,5,[5],1,6,0.3288409703504043,False,The learned policy selected page 1 because it received the highest predicted eviction score among the current resident pages. It was last accessed 1 reference ago and appeared 6 times in the recent 20-reference window. Model confidence: 32.9%.
46,92,before_shift,1,"[5, 2, 0, 3]",0,5,[5],1,6,0.3288409703504043,False,The learned policy selected page 0 because it received the highest predicted eviction score among the current resident pages. It was last accessed 1 reference ago and appeared 6 times in the recent 20-reference window. Model confidence: 32.9%.
46,96,before_shift,0,"[5, 2, 3, 1]",1,5,[5],1,7,0.3288409703504043,False,The learned policy selected page 1 because it received the highest predicted eviction score among the current resident pages. It was last accessed 1 reference ago and appeared 7 times in the recent 20-reference window. Model confidence: 32.9%.
46,97,before_shift,1,"[5, 2, 3, 0]",0,5,[5],1,5,0.3288409703504043,False,The learned policy selected page 0 because it received the highest predicted eviction score among the current resident pages. It was last accessed 1 reference ago and appeared 5 times in the recent 20-reference window. Model confidence: 32.9%.
46,100,before_shift,0,"[5, 2, 3, 1]",3,5,[5],1,5,0.3288409703504043,False,The learned policy selected page 3 because it received the highest predicted eviction score among the current resident pages. It was last accessed 1 reference ago and appeared 5 times in the recent 20-reference window. Model confidence: 32.9%.
46,105,before_shift,3,"[5, 2, 1, 0]",2,5,[5],1,4,0.3288409703504043,False,The learned policy selected page 2 because it received the highest predicted eviction score among the current resident pages. It was last accessed 1 reference ago and appeared 4 times in the recent 20-reference window. Model confidence: 32.9%.
46,108,before_shift,2,"[5, 1, 0, 3]",1,5,[5],1,7,0.3288409703504043,False,The learned policy selected page 1 because it received the highest predicted eviction score among the current resident pages. It was last accessed 1 reference ago and appeared 7 times in the recent 20-reference window. Model confidence: 32.9%.
46,111,before_shift,1,"[5, 0, 3, 2]",0,5,[5],1,6,0.3288409703504043,False,The learned policy selected page 0 because it received the highest predicted eviction score among the current resident pages. It was last accessed 1 reference ago and appeared 6 times in the recent 20-reference window. Model confidence: 32.9%.
46,114,before_shift,0,"[5, 3, 2, 1]",3,5,[5],1,5,0.3288409703504043,False,The learned policy selected page 3 because it received the highest predicted eviction score among the current resident pages. It was last accessed 1 reference ago and appeared 5 times in the recent 20-reference window. Model confidence: 32.9%.
46,118,before_shift,3,"[5, 2, 1, 0]",0,5,[5],1,6,0.3288409703504043,False,The learned policy selected page 0 because it received the highest predicted eviction score among the current resident pages. It was last accessed 1 reference ago and appeared 6 times in the recent 20-reference window. Model confidence: 32.9%.
46,120,before_shift,0,"[5, 2, 1, 3]",1,5,[5],1,6,0.3288409703504043,False,The learned policy selected page 1 because it received the highest predicted eviction score among the current resident pages. It was last accessed 1 reference ago and appeared 6 times in the recent 20-reference window. Model confidence: 32.9%.
46,121,before_shift,1,"[5, 2, 3, 0]",0,5,[5],1,6,0.3288409703504043,False,The learned policy selected page 0 because it received the highest predicted eviction score among the current resident pages. It was last accessed 1 reference ago and appeared 6 times in the recent 20-reference window. Model confidence: 32.9%.
46,124,before_shift,0,"[5, 2, 3, 1]",3,5,[5],1,5,0.3288409703504043,False,The learned policy selected page 3 because it received the highest predicted eviction score among the current resident pages. It was last accessed 1 reference ago and appeared 5 times in the recent 20-reference window. Model confidence: 32.9%.
46,127,before_shift,3,"[5, 2, 1, 0]",2,2,[2],1,5,0.3288409703504043,True,The learned policy selected page 2 because it received the highest predicted eviction score among the current resident pages. It was last accessed 1 reference ago and appeared 5 times in the recent 20-reference window. Model confidence: 32.9%.
46,131,before_shift,2,"[5, 1, 0, 3]",5,5,[5],1,1,0.4716981132075472,True,The learned policy selected page 5 because it received the highest predicted eviction score among the current resident pages. It was last accessed 1 reference ago and appeared 1 time in the recent 20-reference window. Model confidence: 47.2%.
46,135,before_shift,4,"[1, 0, 3, 2]",1,0,[0],1,6,0.3288409703504043,False,The learned policy selected page 1 because it received the highest predicted eviction score among the current resident pages. It was last accessed 1 reference ago and appeared 6 times in the recent 20-reference window. Model confidence: 32.9%.
46,136,before_shift,1,"[0, 3, 2, 4]",4,4,[4],1,1,0.4716981132075472,True,The learned policy selected page 4 because it received the highest predicted eviction score among the current resident pages. It was last accessed 1 reference ago and appeared 1 time in the recent 20-reference window. Model confidence: 47.2%.
46,147,before_shift,4,"[0, 3, 2, 1]",0,0,[0],1,6,0.3288409703504043,True,The learned policy selected page 0 because it received the highest predicted eviction score among the current resident pages. It was last accessed 1 reference ago and appeared 6 times in the recent 20-reference window. Model confidence: 32.9%.
46,150,before_shift,5,"[3, 2, 1, 4]",2,4,[4],1,4,0.3288409703504043,False,The learned policy selected page 2 because it received the highest predicted eviction score among the current resident pages. It was last accessed 1 reference ago and appeared 4 times in the recent 20-reference window. Model confidence: 32.9%.
46,152,before_shift,0,"[3, 1, 4, 5]",3,4,[4],1,4,0.3288409703504043,False,The learned policy selected page 3 because it received the highest predicted eviction score among the current resident pages. It was last accessed 1 reference ago and appeared 4 times in the recent 20-reference window. Model confidence: 32.9%.
46,155,before_shift,2,"[1, 4, 5, 0]",5,4,[4],5,1,0.3893805309734513,False,The learned policy selected page 5 because it received the highest predicted eviction score among the current resident pages. It was last accessed 5 references ago and appeared 1 time in the recent 20-reference window. Model confidence: 38.9%.
46,156,before_shift,3,"[1, 4, 0, 2]",2,4,[4],1,4,0.3288409703504043,False,The learned policy selected page 2 because it received the highest predicted eviction score among the current resident pages. It was last accessed 1 reference ago and appeared 4 times in the recent 20-reference window. Model confidence: 32.9%.
46,159,before_shift,2,"[1, 4, 0, 3]",1,4,[4],1,5,0.3288409703504043,False,The learned policy selected page 1 because it received the highest predicted eviction score among the current resident pages. It was last accessed 1 reference ago and appeared 5 times in the recent 20-reference window. Model confidence: 32.9%.
46,162,before_shift,1,"[4, 0, 3, 2]",0,4,[4],1,5,0.3288409703504043,False,The learned policy selected page 0 because it received the highest predicted eviction score among the current resident pages. It was last accessed 1 reference ago and appeared 5 times in the recent 20-reference window. Model confidence: 32.9%.
46,165,before_shift,0,"[4, 3, 2, 1]",3,4,[4],1,5,0.3288409703504043,False,The learned policy selected page 3 because it received the highest predicted eviction score among the current resident pages. It was last accessed 1 reference ago and appeared 5 times in the recent 20-reference window. Model confidence: 32.9%.
46,168,before_shift,3,"[4, 2, 1, 0]",2,4,[4],1,5,0.3288409703504043,False,The learned policy selected page 2 because it received the highest predicted eviction score among the current resident pages. It was last accessed 1 reference ago and appeared 5 times in the recent 20-reference window. Model confidence: 32.9%.
46,172,before_shift,2,"[4, 1, 0, 3]",1,4,[4],1,5,0.3288409703504043,False,The learned policy selected page 1 because it received the highest predicted eviction score among the current resident pages. It was last accessed 1 reference ago and appeared 5 times in the recent 20-reference window. Model confidence: 32.9%.
46,173,before_shift,1,"[4, 0, 3, 2]",2,4,[4],1,5,0.3288409703504043,False,The learned policy selected page 2 because it received the highest predicted eviction score among the current resident pages. It was last accessed 1 reference ago and appeared 5 times in the recent 20-reference window. Model confidence: 32.9%.
46,176,before_shift,5,"[4, 0, 3, 1]",1,4,[4],1,6,0.3288409703504043,False,The learned policy selected page 1 because it received the highest predicted eviction score among the current resident pages. It was last accessed 1 reference ago and appeared 6 times in the recent 20-reference window. Model confidence: 32.9%.
46,178,before_shift,1,"[4, 0, 3, 5]",0,5,[5],1,5,0.3288409703504043,False,The learned policy selected page 0 because it received the highest predicted eviction score among the current resident pages. It was last accessed 1 reference ago and appeared 5 times in the recent 20-reference window. Model confidence: 32.9%.
46,179,before_shift,2,"[4, 3, 5, 1]",1,5,[5],1,6,0.3288409703504043,False,The learned policy selected page 1 because it received the highest predicted eviction score among the current resident pages. It was last accessed 1 reference ago and appeared 6 times in the recent 20-reference window. Model confidence: 32.9%.
46,181,before_shift,0,"[4, 3, 5, 2]",5,5,[5],5,1,0.3893805309734513,True,The learned policy selected page 5 because it received the highest predicted eviction score among the current resident pages. It was last accessed 5 references ago and appeared 1 time in the recent 20-reference window. Model confidence: 38.9%.
46,182,before_shift,1,"[4, 3, 2, 0]",0,4,[4],1,5,0.3288409703504043,False,The learned policy selected page 0 because it received the highest predicted eviction score among the current resident pages. It was last accessed 1 reference ago and appeared 5 times in the recent 20-reference window. Model confidence: 32.9%.
46,185,before_shift,0,"[4, 3, 2, 1]",3,4,[4],1,4,0.3288409703504043,False,The learned policy selected page 3 because it received the highest predicted eviction score among the current resident pages. It was last accessed 1 reference ago and appeared 4 times in the recent 20-reference window. Model confidence: 32.9%.
46,189,before_shift,3,"[4, 2, 1, 0]",2,4,[4],1,4,0.3288409703504043,False,The learned policy selected page 2 because it received the highest predicted eviction score among the current resident pages. It was last accessed 1 reference ago and appeared 4 times in the recent 20-reference window. Model confidence: 32.9%.
46,193,before_shift,2,"[4, 1, 0, 3]",1,4,[4],1,7,0.3288409703504043,False,The learned policy selected page 1 because it received the highest predicted eviction score among the current resident pages. It was last accessed 1 reference ago and appeared 7 times in the recent 20-reference window. Model confidence: 32.9%.
46,196,before_shift,1,"[4, 0, 3, 2]",0,0,[0],1,6,0.3288409703504043,True,The learned policy selected page 0 because it received the highest predicted eviction score among the current resident pages. It was last accessed 1 reference ago and appeared 6 times in the recent 20-reference window. Model confidence: 32.9%.
46,200,after_shift,9,"[4, 3, 2, 1]",3,1,[1],1,5,0.3288409703504043,False,The learned policy selected page 3 because it received the highest predicted eviction score among the current resident pages. It was last accessed 1 reference ago and appeared 5 times in the recent 20-reference window. Model confidence: 32.9%.
46,203,after_shift,12,"[4, 2, 1, 9]",4,1,[1],1,1,0.4716981132075472,False,The learned policy selected page 4 because it received the highest predicted eviction score among the current resident pages. It was last accessed 1 reference ago and appeared 1 time in the recent 20-reference window. Model confidence: 47.2%.
46,204,after_shift,7,"[2, 1, 9, 12]",12,1,[1],1,1,0.4716981132075472,False,The learned policy selected page 12 because it received the highest predicted eviction score among the current resident pages. It was last accessed 1 reference ago and appeared 1 time in the recent 20-reference window. Model confidence: 47.2%.
46,206,after_shift,11,"[2, 1, 9, 7]",7,1,[1],1,2,0.3592233009708738,False,The learned policy selected page 7 because it received the highest predicted eviction score among the current resident pages. It was last accessed 1 reference ago and appeared 2 times in the recent 20-reference window. Model confidence: 35.9%.
46,207,after_shift,12,"[2, 1, 9, 11]",11,11,[11],1,1,0.4716981132075472,True,The learned policy selected page 11 because it received the highest predicted eviction score among the current resident pages. It was last accessed 1 reference ago and appeared 1 time in the recent 20-reference window. Model confidence: 47.2%.
46,208,after_shift,4,"[2, 1, 9, 12]",12,1,[1],1,2,0.3592233009708738,False,The learned policy selected page 12 because it received the highest predicted eviction score among the current resident pages. It was last accessed 1 reference ago and appeared 2 times in the recent 20-reference window. Model confidence: 35.9%.
46,209,after_shift,8,"[2, 1, 9, 4]",4,4,[4],1,2,0.3592233009708738,True,The learned policy selected page 4 because it received the highest predicted eviction score among the current resident pages. It was last accessed 1 reference ago and appeared 2 times in the recent 20-reference window. Model confidence: 35.9%.
46,210,after_shift,12,"[2, 1, 9, 8]",8,1,[1],1,1,0.4716981132075472,False,The learned policy selected page 8 because it received the highest predicted eviction score among the current resident pages. It was last accessed 1 reference ago and appeared 1 time in the recent 20-reference window. Model confidence: 47.2%.
46,212,after_shift,7,"[2, 1, 9, 12]",12,1,[1],1,4,0.3288409703504043,False,The learned policy selected page 12 because it received the highest predicted eviction score among the current resident pages. It was last accessed 1 reference ago and appeared 4 times in the recent 20-reference window. Model confidence: 32.9%.
46,213,after_shift,13,"[2, 1, 9, 7]",7,7,[7],1,3,0.27485380116959063,True,The learned policy selected page 7 because it received the highest predicted eviction score among the current resident pages. It was last accessed 1 reference ago and appeared 3 times in the recent 20-reference window. Model confidence: 27.5%.
46,217,after_shift,12,"[2, 1, 9, 13]",9,9,[9],1,4,0.3288409703504043,True,The learned policy selected page 9 because it received the highest predicted eviction score among the current resident pages. It was last accessed 1 reference ago and appeared 4 times in the recent 20-reference window. Model confidence: 32.9%.
46,218,after_shift,0,"[2, 1, 13, 12]",12,1,[1],1,5,0.3288409703504043,False,The learned policy selected page 12 because it received the highest predicted eviction score among the current resident pages. It was last accessed 1 reference ago and appeared 5 times in the recent 20-reference window. Model confidence: 32.9%.
46,220,after_shift,8,"[2, 1, 13, 0]",0,1,[1],1,2,0.3592233009708738,False,The learned policy selected page 0 because it received the highest predicted eviction score among the current resident pages. It was last accessed 1 reference ago and appeared 2 times in the recent 20-reference window. Model confidence: 35.9%.
46,222,after_shift,5,"[2, 1, 13, 8]",8,8,[8],1,3,0.27485380116959063,True,The learned policy selected page 8 because it received the highest predicted eviction score among the current resident pages. It was last accessed 1 reference ago and appeared 3 times in the recent 20-reference window. Model confidence: 27.5%.
46,223,after_shift,3,"[2, 1, 13, 5]",5,1,[1],1,1,0.4716981132075472,False,The learned policy selected page 5 because it received the highest predicted eviction score among the current resident pages. It was last accessed 1 reference ago and appeared 1 time in the recent 20-reference window. Model confidence: 47.2%.
46,224,after_shift,10,"[2, 1, 13, 3]",3,1,[1],1,1,0.4716981132075472,False,The learned policy selected page 3 because it received the highest predicted eviction score among the current resident pages. It was last accessed 1 reference ago and appeared 1 time in the recent 20-reference window. Model confidence: 47.2%.
46,225,after_shift,5,"[2, 1, 13, 10]",10,10,[10],1,1,0.4716981132075472,True,The learned policy selected page 10 because it received the highest predicted eviction score among the current resident pages. It was last accessed 1 reference ago and appeared 1 time in the recent 20-reference window. Model confidence: 47.2%.
46,227,after_shift,3,"[2, 1, 13, 5]",5,5,[5],1,3,0.27485380116959063,True,The learned policy selected page 5 because it received the highest predicted eviction score among the current resident pages. It was last accessed 1 reference ago and appeared 3 times in the recent 20-reference window. Model confidence: 27.5%.
46,228,after_shift,6,"[2, 1, 13, 3]",3,3,[3],1,2,0.3592233009708738,True,The learned policy selected page 3 because it received the highest predicted eviction score among the current resident pages. It was last accessed 1 reference ago and appeared 2 times in the recent 20-reference window. Model confidence: 35.9%.
46,230,after_shift,15,"[2, 1, 13, 6]",2,6,[6],1,1,0.4716981132075472,False,The learned policy selected page 2 because it received the highest predicted eviction score among the current resident pages. It was last accessed 1 reference ago and appeared 1 time in the recent 20-reference window. Model confidence: 47.2%.
46,231,after_shift,0,"[1, 13, 6, 15]",15,6,[6],1,1,0.4716981132075472,False,The learned policy selected page 15 because it received the highest predicted eviction score among the current resident pages. It was last accessed 1 reference ago and appeared 1 time in the recent 20-reference window. Model confidence: 47.2%.
46,235,after_shift,12,"[1, 13, 6, 0]",13,6,[6],1,3,0.27485380116959063,False,The learned policy selected page 13 because it received the highest predicted eviction score among the current resident pages. It was last accessed 1 reference ago and appeared 3 times in the recent 20-reference window. Model confidence: 27.5%.
46,237,after_shift,13,"[1, 6, 0, 12]",0,6,[6],1,5,0.3288409703504043,False,The learned policy selected page 0 because it received the highest predicted eviction score among the current resident pages. It was last accessed 1 reference ago and appeared 5 times in the recent 20-reference window. Model confidence: 32.9%.
46,240,after_shift,14,"[1, 6, 12, 13]",1,6,[6],1,1,0.4716981132075472,False,The learned policy selected page 1 because it received the highest predicted eviction score among the current resident pages. It was last accessed 1 reference ago and appeared 1 time in the recent 20-reference window. Model confidence: 47.2%.
46,243,after_shift,1,"[6, 12, 13, 14]",14,6,[6],3,1,0.2857142857142857,False,The learned policy selected page 14 because it received the highest predicted eviction score among the current resident pages. It was last accessed 3 references ago and appeared 1 time in the recent 20-reference window. Model confidence: 28.6%.
46,244,after_shift,5,"[6, 12, 13, 1]",1,6,[6],1,2,0.3592233009708738,False,The learned policy selected page 1 because it received the highest predicted eviction score among the current resident pages. It was last accessed 1 reference ago and appeared 2 times in the recent 20-reference window. Model confidence: 35.9%.
46,245,after_shift,4,"[6, 12, 13, 5]",5,6,[6],1,3,0.27485380116959063,False,The learned policy selected page 5 because it received the highest predicted eviction score among the current resident pages. It was last accessed 1 reference ago and appeared 3 times in the recent 20-reference window. Model confidence: 27.5%.
46,246,after_shift,1,"[6, 12, 13, 4]",4,6,[6],1,1,0.4716981132075472,False,The learned policy selected page 4 because it received the highest predicted eviction score among the current resident pages. It was last accessed 1 reference ago and appeared 1 time in the recent 20-reference window. Model confidence: 47.2%.
46,247,after_shift,4,"[6, 12, 13, 1]",1,6,[6],1,3,0.27485380116959063,False,The learned policy selected page 1 because it received the highest predicted eviction score among the current resident pages. It was last accessed 1 reference ago and appeared 3 times in the recent 20-reference window. Model confidence: 27.5%.
46,251,after_shift,8,"[6, 12, 13, 4]",13,6,[6],13,4,0.4,False,The learned policy selected page 13 because it received the highest predicted eviction score among the current resident pages. It was last accessed 13 references ago and appeared 4 times in the recent 20-reference window. Model confidence: 40.0%.
46,252,after_shift,14,"[6, 12, 4, 8]",8,6,[6],1,1,0.4716981132075472,False,The learned policy selected page 8 because it received the highest predicted eviction score among the current resident pages. It was last accessed 1 reference ago and appeared 1 time in the recent 20-reference window. Model confidence: 47.2%.
46,254,after_shift,1,"[6, 12, 4, 14]",14,6,[6],1,3,0.27485380116959063,False,The learned policy selected page 14 because it received the highest predicted eviction score among the current resident pages. It was last accessed 1 reference ago and appeared 3 times in the recent 20-reference window. Model confidence: 27.5%.
46,255,after_shift,11,"[6, 12, 4, 1]",1,6,[6],1,4,0.3288409703504043,False,The learned policy selected page 1 because it received the highest predicted eviction score among the current resident pages. It was last accessed 1 reference ago and appeared 4 times in the recent 20-reference window. Model confidence: 32.9%.
46,256,after_shift,13,"[6, 12, 4, 11]",11,6,[6],1,1,0.4716981132075472,False,The learned policy selected page 11 because it received the highest predicted eviction score among the current resident pages. It was last accessed 1 reference ago and appeared 1 time in the recent 20-reference window. Model confidence: 47.2%.
46,257,after_shift,15,"[6, 12, 4, 13]",13,6,[6],1,3,0.27485380116959063,False,The learned policy selected page 13 because it received the highest predicted eviction score among the current resident pages. It was last accessed 1 reference ago and appeared 3 times in the recent 20-reference window. Model confidence: 27.5%.
46,263,after_shift,0,"[6, 12, 4, 15]",4,6,[6],1,7,0.3288409703504043,False,The learned policy selected page 4 because it received the highest predicted eviction score among the current resident pages. It was last accessed 1 reference ago and appeared 7 times in the recent 20-reference window. Model confidence: 32.9%.
46,264,after_shift,11,"[6, 12, 15, 0]",0,6,[6],1,1,0.4716981132075472,False,The learned policy selected page 0 because it received the highest predicted eviction score among the current resident pages. It was last accessed 1 reference ago and appeared 1 time in the recent 20-reference window. Model confidence: 47.2%.
46,267,after_shift,0,"[6, 12, 15, 11]",15,6,[6],1,4,0.3288409703504043,False,The learned policy selected page 15 because it received the highest predicted eviction score among the current resident pages. It was last accessed 1 reference ago and appeared 4 times in the recent 20-reference window. Model confidence: 32.9%.
46,268,after_shift,4,"[6, 12, 11, 0]",0,6,[6],1,2,0.3592233009708738,False,The learned policy selected page 0 because it received the highest predicted eviction score among the current resident pages. It was last accessed 1 reference ago and appeared 2 times in the recent 20-reference window. Model confidence: 35.9%.
46,271,after_shift,15,"[6, 12, 11, 4]",4,6,[6],1,6,0.3288409703504043,False,The learned policy selected page 4 because it received the highest predicted eviction score among the current resident pages. It was last accessed 1 reference ago and appeared 6 times in the recent 20-reference window. Model confidence: 32.9%.
46,273,after_shift,13,"[6, 12, 11, 15]",11,15,[15],1,3,0.27485380116959063,False,The learned policy selected page 11 because it received the highest predicted eviction score among the current resident pages. It was last accessed 1 reference ago and appeared 3 times in the recent 20-reference window. Model confidence: 27.5%.
46,274,after_shift,0,"[6, 12, 15, 13]",13,15,[15],1,2,0.3592233009708738,False,The learned policy selected page 13 because it received the highest predicted eviction score among the current resident pages. It was last accessed 1 reference ago and appeared 2 times in the recent 20-reference window. Model confidence: 35.9%.
46,275,after_shift,4,"[6, 12, 15, 0]",0,15,[15],1,3,0.27485380116959063,False,The learned policy selected page 0 because it received the highest predicted eviction score among the current resident pages. It was last accessed 1 reference ago and appeared 3 times in the recent 20-reference window. Model confidence: 27.5%.
46,278,after_shift,11,"[6, 12, 15, 4]",4,15,[15],1,8,0.3288409703504043,False,The learned policy selected page 4 because it received the highest predicted eviction score among the current resident pages. It was last accessed 1 reference ago and appeared 8 times in the recent 20-reference window. Model confidence: 32.9%.
46,279,after_shift,0,"[6, 12, 15, 11]",11,15,[15],1,3,0.27485380116959063,False,The learned policy selected page 11 because it received the highest predicted eviction score among the current resident pages. It was last accessed 1 reference ago and appeared 3 times in the recent 20-reference window. Model confidence: 27.5%.
46,280,after_shift,11,"[6, 12, 15, 0]",0,15,[15],1,4,0.3288409703504043,False,The learned policy selected page 0 because it received the highest predicted eviction score among the current resident pages. It was last accessed 1 reference ago and appeared 4 times in the recent 20-reference window. Model confidence: 32.9%.
46,281,after_shift,8,"[6, 12, 15, 11]",11,15,[15],1,4,0.3288409703504043,False,The learned policy selected page 11 because it received the highest predicted eviction score among the current resident pages. It was last accessed 1 reference ago and appeared 4 times in the recent 20-reference window. Model confidence: 32.9%.
46,282,after_shift,4,"[6, 12, 15, 8]",8,15,[15],1,1,0.4716981132075472,False,The learned policy selected page 8 because it received the highest predicted eviction score among the current resident pages. It was last accessed 1 reference ago and appeared 1 time in the recent 20-reference window. Model confidence: 47.2%.
46,283,after_shift,11,"[6, 12, 15, 4]",4,15,[15],1,6,0.3288409703504043,False,The learned policy selected page 4 because it received the highest predicted eviction score among the current resident pages. It was last accessed 1 reference ago and appeared 6 times in the recent 20-reference window. Model confidence: 32.9%.
46,284,after_shift,2,"[6, 12, 15, 11]",11,15,[15],1,5,0.3288409703504043,False,The learned policy selected page 11 because it received the highest predicted eviction score among the current resident pages. It was last accessed 1 reference ago and appeared 5 times in the recent 20-reference window. Model confidence: 32.9%.
46,285,after_shift,8,"[6, 12, 15, 2]",2,15,[15],1,1,0.4716981132075472,False,The learned policy selected page 2 because it received the highest predicted eviction score among the current resident pages. It was last accessed 1 reference ago and appeared 1 time in the recent 20-reference window. Model confidence: 47.2%.
46,286,after_shift,11,"[6, 12, 15, 8]",8,15,[15],1,2,0.3592233009708738,False,The learned policy selected page 8 because it received the highest predicted eviction score among the current resident pages. It was last accessed 1 reference ago and appeared 2 times in the recent 20-reference window. Model confidence: 35.9%.
46,287,after_shift,4,"[6, 12, 15, 11]",11,15,[15],1,5,0.3288409703504043,False,The learned policy selected page 11 because it received the highest predicted eviction score among the current resident pages. It was last accessed 1 reference ago and appeared 5 times in the recent 20-reference window. Model confidence: 32.9%.
46,288,after_shift,5,"[6, 12, 15, 4]",4,15,[15],1,7,0.3288409703504043,False,The learned policy selected page 4 because it received the highest predicted eviction score among the current resident pages. It was last accessed 1 reference ago and appeared 7 times in the recent 20-reference window. Model confidence: 32.9%.
46,289,after_shift,4,"[6, 12, 15, 5]",12,5,[5],13,1,0.5,False,The learned policy selected page 12 because it received the highest predicted eviction score among the current resident pages. It was last accessed 13 references ago and appeared 1 time in the recent 20-reference window. Model confidence: 50.0%.
46,290,after_shift,12,"[6, 15, 5, 4]",4,5,[5],1,6,0.3288409703504043,False,The learned policy selected page 4 because it received the highest predicted eviction score among the current resident pages. It was last accessed 1 reference ago and appeared 6 times in the recent 20-reference window. Model confidence: 32.9%.
46,291,after_shift,14,"[6, 15, 5, 12]",12,5,[5],1,2,0.3592233009708738,False,The learned policy selected page 12 because it received the highest predicted eviction score among the current resident pages. It was last accessed 1 reference ago and appeared 2 times in the recent 20-reference window. Model confidence: 35.9%.
46,292,after_shift,8,"[6, 15, 5, 14]",14,5,[5],1,1,0.4716981132075472,False,The learned policy selected page 14 because it received the highest predicted eviction score among the current resident pages. It was last accessed 1 reference ago and appeared 1 time in the recent 20-reference window. Model confidence: 47.2%.
46,293,after_shift,11,"[6, 15, 5, 8]",5,8,[8],5,1,0.3893805309734513,False,The learned policy selected page 5 because it received the highest predicted eviction score among the current resident pages. It was last accessed 5 references ago and appeared 1 time in the recent 20-reference window. Model confidence: 38.9%.
46,294,after_shift,3,"[6, 15, 8, 11]",11,8,[8],1,5,0.3288409703504043,False,The learned policy selected page 11 because it received the highest predicted eviction score among the current resident pages. It was last accessed 1 reference ago and appeared 5 times in the recent 20-reference window. Model confidence: 32.9%.
46,295,after_shift,12,"[6, 15, 8, 3]",3,8,[8],1,1,0.4716981132075472,False,The learned policy selected page 3 because it received the highest predicted eviction score among the current resident pages. It was last accessed 1 reference ago and appeared 1 time in the recent 20-reference window. Model confidence: 47.2%.
46,296,after_shift,3,"[6, 15, 8, 12]",12,8,[8],1,3,0.27485380116959063,False,The learned policy selected page 12 because it received the highest predicted eviction score among the current resident pages. It was last accessed 1 reference ago and appeared 3 times in the recent 20-reference window. Model confidence: 27.5%.
46,298,after_shift,4,"[6, 15, 8, 3]",3,8,[8],1,3,0.27485380116959063,False,The learned policy selected page 3 because it received the highest predicted eviction score among the current resident pages. It was last accessed 1 reference ago and appeared 3 times in the recent 20-reference window. Model confidence: 27.5%.
46,300,after_shift,9,"[6, 15, 8, 4]",4,8,[8],1,5,0.3288409703504043,False,The learned policy selected page 4 because it received the highest predicted eviction score among the current resident pages. It was last accessed 1 reference ago and appeared 5 times in the recent 20-reference window. Model confidence: 32.9%.
46,301,after_shift,13,"[6, 15, 8, 9]",9,8,[8],1,1,0.4716981132075472,False,The learned policy selected page 9 because it received the highest predicted eviction score among the current resident pages. It was last accessed 1 reference ago and appeared 1 time in the recent 20-reference window. Model confidence: 47.2%.
46,302,after_shift,3,"[6, 15, 8, 13]",13,8,[8],1,1,0.4716981132075472,False,The learned policy selected page 13 because it received the highest predicted eviction score among the current resident pages. It was last accessed 1 reference ago and appeared 1 time in the recent 20-reference window. Model confidence: 47.2%.
46,303,after_shift,9,"[6, 15, 8, 3]",3,8,[8],1,4,0.3288409703504043,False,The learned policy selected page 3 because it received the highest predicted eviction score among the current resident pages. It was last accessed 1 reference ago and appeared 4 times in the recent 20-reference window. Model confidence: 32.9%.
46,304,after_shift,1,"[6, 15, 8, 9]",9,8,[8],1,2,0.3592233009708738,False,The learned policy selected page 9 because it received the highest predicted eviction score among the current resident pages. It was last accessed 1 reference ago and appeared 2 times in the recent 20-reference window. Model confidence: 35.9%.
46,305,after_shift,9,"[6, 15, 8, 1]",1,8,[8],1,1,0.4716981132075472,False,The learned policy selected page 1 because it received the highest predicted eviction score among the current resident pages. It was last accessed 1 reference ago and appeared 1 time in the recent 20-reference window. Model confidence: 47.2%.
46,308,after_shift,4,"[6, 15, 8, 9]",9,8,[8],1,5,0.3288409703504043,False,The learned policy selected page 9 because it received the highest predicted eviction score among the current resident pages. It was last accessed 1 reference ago and appeared 5 times in the recent 20-reference window. Model confidence: 32.9%.
46,309,after_shift,11,"[6, 15, 8, 4]",4,8,[8],1,4,0.3288409703504043,False,The learned policy selected page 4 because it received the highest predicted eviction score among the current resident pages. It was last accessed 1 reference ago and appeared 4 times in the recent 20-reference window. Model confidence: 32.9%.
46,311,after_shift,9,"[6, 15, 8, 11]",11,8,[8],1,3,0.27485380116959063,False,The learned policy selected page 11 because it received the highest predicted eviction score among the current resident pages. It was last accessed 1 reference ago and appeared 3 times in the recent 20-reference window. Model confidence: 27.5%.
46,312,after_shift,11,"[6, 15, 8, 9]",9,8,[8],1,6,0.3288409703504043,False,The learned policy selected page 9 because it received the highest predicted eviction score among the current resident pages. It was last accessed 1 reference ago and appeared 6 times in the recent 20-reference window. Model confidence: 32.9%.
46,313,after_shift,9,"[6, 15, 8, 11]",11,8,[8],1,4,0.3288409703504043,False,The learned policy selected page 11 because it received the highest predicted eviction score among the current resident pages. It was last accessed 1 reference ago and appeared 4 times in the recent 20-reference window. Model confidence: 32.9%.
46,314,after_shift,11,"[6, 15, 8, 9]",9,8,[8],1,7,0.3288409703504043,False,The learned policy selected page 9 because it received the highest predicted eviction score among the current resident pages. It was last accessed 1 reference ago and appeared 7 times in the recent 20-reference window. Model confidence: 32.9%.
46,315,after_shift,4,"[6, 15, 8, 11]",11,8,[8],1,4,0.3288409703504043,False,The learned policy selected page 11 because it received the highest predicted eviction score among the current resident pages. It was last accessed 1 reference ago and appeared 4 times in the recent 20-reference window. Model confidence: 32.9%.
46,316,after_shift,0,"[6, 15, 8, 4]",4,8,[8],1,4,0.3288409703504043,False,The learned policy selected page 4 because it received the highest predicted eviction score among the current resident pages. It was last accessed 1 reference ago and appeared 4 times in the recent 20-reference window. Model confidence: 32.9%.
46,317,after_shift,9,"[6, 15, 8, 0]",0,8,[8],1,1,0.4716981132075472,False,The learned policy selected page 0 because it received the highest predicted eviction score among the current resident pages. It was last accessed 1 reference ago and appeared 1 time in the recent 20-reference window. Model confidence: 47.2%.
46,318,after_shift,0,"[6, 15, 8, 9]",9,8,[8],1,8,0.3288409703504043,False,The learned policy selected page 9 because it received the highest predicted eviction score among the current resident pages. It was last accessed 1 reference ago and appeared 8 times in the recent 20-reference window. Model confidence: 32.9%.
46,319,after_shift,12,"[6, 15, 8, 0]",0,8,[8],1,2,0.3592233009708738,False,The learned policy selected page 0 because it received the highest predicted eviction score among the current resident pages. It was last accessed 1 reference ago and appeared 2 times in the recent 20-reference window. Model confidence: 35.9%.
46,320,after_shift,11,"[6, 15, 8, 12]",12,8,[8],1,1,0.4716981132075472,False,The learned policy selected page 12 because it received the highest predicted eviction score among the current resident pages. It was last accessed 1 reference ago and appeared 1 time in the recent 20-reference window. Model confidence: 47.2%.
46,321,after_shift,9,"[6, 15, 8, 11]",11,8,[8],1,5,0.3288409703504043,False,The learned policy selected page 11 because it received the highest predicted eviction score among the current resident pages. It was last accessed 1 reference ago and appeared 5 times in the recent 20-reference window. Model confidence: 32.9%.
46,324,after_shift,14,"[6, 15, 8, 9]",6,8,[8],1,2,0.3592233009708738,False,The learned policy selected page 6 because it received the highest predicted eviction score among the current resident pages. It was last accessed 1 reference ago and appeared 2 times in the recent 20-reference window. Model confidence: 35.9%.
46,326,after_shift,0,"[15, 8, 9, 14]",14,14,[14],1,2,0.3592233009708738,True,The learned policy selected page 14 because it received the highest predicted eviction score among the current resident pages. It was last accessed 1 reference ago and appeared 2 times in the recent 20-reference window. Model confidence: 35.9%.
46,328,after_shift,3,"[15, 8, 9, 0]",0,8,[8],1,4,0.3288409703504043,False,The learned policy selected page 0 because it received the highest predicted eviction score among the current resident pages. It was last accessed 1 reference ago and appeared 4 times in the recent 20-reference window. Model confidence: 32.9%.
46,330,after_shift,0,"[15, 8, 9, 3]",9,8,[8],1,5,0.3288409703504043,False,The learned policy selected page 9 because it received the highest predicted eviction score among the current resident pages. It was last accessed 1 reference ago and appeared 5 times in the recent 20-reference window. Model confidence: 32.9%.
46,331,after_shift,2,"[15, 8, 3, 0]",0,8,[8],1,5,0.3288409703504043,False,The learned policy selected page 0 because it received the highest predicted eviction score among the current resident pages. It was last accessed 1 reference ago and appeared 5 times in the recent 20-reference window. Model confidence: 32.9%.
46,333,after_shift,9,"[15, 8, 3, 2]",15,8,[8],1,1,0.4716981132075472,False,The learned policy selected page 15 because it received the highest predicted eviction score among the current resident pages. It was last accessed 1 reference ago and appeared 1 time in the recent 20-reference window. Model confidence: 47.2%.
46,335,after_shift,13,"[8, 3, 2, 9]",2,8,[8],4,1,0.3488372093023256,False,The learned policy selected page 2 because it received the highest predicted eviction score among the current resident pages. It was last accessed 4 references ago and appeared 1 time in the recent 20-reference window. Model confidence: 34.9%.
46,338,after_shift,5,"[8, 3, 9, 13]",9,9,[9],1,5,0.3288409703504043,True,The learned policy selected page 9 because it received the highest predicted eviction score among the current resident pages. It was last accessed 1 reference ago and appeared 5 times in the recent 20-reference window. Model confidence: 32.9%.
46,340,after_shift,4,"[8, 3, 13, 5]",5,13,[13],2,1,0.30434782608695654,False,The learned policy selected page 5 because it received the highest predicted eviction score among the current resident pages. It was last accessed 2 references ago and appeared 1 time in the recent 20-reference window. Model confidence: 30.4%.
46,341,after_shift,12,"[8, 3, 13, 4]",3,13,[13],13,1,0.5,False,The learned policy selected page 3 because it received the highest predicted eviction score among the current resident pages. It was last accessed 13 references ago and appeared 1 time in the recent 20-reference window. Model confidence: 50.0%.
46,342,after_shift,7,"[8, 13, 4, 12]",12,12,[12],1,1,0.4716981132075472,True,The learned policy selected page 12 because it received the highest predicted eviction score among the current resident pages. It was last accessed 1 reference ago and appeared 1 time in the recent 20-reference window. Model confidence: 47.2%.
46,345,after_shift,5,"[8, 13, 4, 7]",7,13,[13],3,1,0.2857142857142857,False,The learned policy selected page 7 because it received the highest predicted eviction score among the current resident pages. It was last accessed 3 references ago and appeared 1 time in the recent 20-reference window. Model confidence: 28.6%.
46,346,after_shift,1,"[8, 13, 4, 5]",5,13,[13],1,2,0.3592233009708738,False,The learned policy selected page 5 because it received the highest predicted eviction score among the current resident pages. It was last accessed 1 reference ago and appeared 2 times in the recent 20-reference window. Model confidence: 35.9%.
46,348,after_shift,7,"[8, 13, 4, 1]",4,1,[1],1,4,0.3288409703504043,False,The learned policy selected page 4 because it received the highest predicted eviction score among the current resident pages. It was last accessed 1 reference ago and appeared 4 times in the recent 20-reference window. Model confidence: 32.9%.
46,350,after_shift,6,"[8, 13, 1, 7]",1,1,[1],4,1,0.3488372093023256,True,The learned policy selected page 1 because it received the highest predicted eviction score among the current resident pages. It was last accessed 4 references ago and appeared 1 time in the recent 20-reference window. Model confidence: 34.9%.
46,352,after_shift,5,"[8, 13, 7, 6]",7,6,[6],1,4,0.3288409703504043,False,The learned policy selected page 7 because it received the highest predicted eviction score among the current resident pages. It was last accessed 1 reference ago and appeared 4 times in the recent 20-reference window. Model confidence: 32.9%.
46,353,after_shift,3,"[8, 13, 6, 5]",6,6,[6],3,1,0.2857142857142857,True,The learned policy selected page 6 because it received the highest predicted eviction score among the current resident pages. It was last accessed 3 references ago and appeared 1 time in the recent 20-reference window. Model confidence: 28.6%.
46,354,after_shift,2,"[8, 13, 5, 3]",3,13,[13],1,1,0.4716981132075472,False,The learned policy selected page 3 because it received the highest predicted eviction score among the current resident pages. It was last accessed 1 reference ago and appeared 1 time in the recent 20-reference window. Model confidence: 47.2%.
46,355,after_shift,4,"[8, 13, 5, 2]",2,2,[2],1,1,0.4716981132075472,True,The learned policy selected page 2 because it received the highest predicted eviction score among the current resident pages. It was last accessed 1 reference ago and appeared 1 time in the recent 20-reference window. Model confidence: 47.2%.
46,357,after_shift,15,"[8, 13, 5, 4]",4,4,[4],1,6,0.3288409703504043,True,The learned policy selected page 4 because it received the highest predicted eviction score among the current resident pages. It was last accessed 1 reference ago and appeared 6 times in the recent 20-reference window. Model confidence: 32.9%.
46,358,after_shift,0,"[8, 13, 5, 15]",15,15,[15],1,1,0.4716981132075472,True,The learned policy selected page 15 because it received the highest predicted eviction score among the current resident pages. It was last accessed 1 reference ago and appeared 1 time in the recent 20-reference window. Model confidence: 47.2%.
46,359,after_shift,3,"[8, 13, 5, 0]",0,13,[13],1,1,0.4716981132075472,False,The learned policy selected page 0 because it received the highest predicted eviction score among the current resident pages. It was last accessed 1 reference ago and appeared 1 time in the recent 20-reference window. Model confidence: 47.2%.
46,360,after_shift,11,"[8, 13, 5, 3]",3,13,[13],1,2,0.3592233009708738,False,The learned policy selected page 3 because it received the highest predicted eviction score among the current resident pages. It was last accessed 1 reference ago and appeared 2 times in the recent 20-reference window. Model confidence: 35.9%.
46,362,after_shift,0,"[8, 13, 5, 11]",11,13,[13],2,1,0.30434782608695654,False,The learned policy selected page 11 because it received the highest predicted eviction score among the current resident pages. It was last accessed 2 references ago and appeared 1 time in the recent 20-reference window. Model confidence: 30.4%.
46,366,after_shift,3,"[8, 13, 5, 0]",0,0,[0],1,4,0.3288409703504043,True,The learned policy selected page 0 because it received the highest predicted eviction score among the current resident pages. It was last accessed 1 reference ago and appeared 4 times in the recent 20-reference window. Model confidence: 32.9%.
46,368,after_shift,11,"[8, 13, 5, 3]",8,8,[8],4,1,0.3488372093023256,True,The learned policy selected page 8 because it received the highest predicted eviction score among the current resident pages. It was last accessed 4 references ago and appeared 1 time in the recent 20-reference window. Model confidence: 34.9%.
46,369,after_shift,7,"[13, 5, 3, 11]",11,11,[11],1,2,0.3592233009708738,True,The learned policy selected page 11 because it received the highest predicted eviction score among the current resident pages. It was last accessed 1 reference ago and appeared 2 times in the recent 20-reference window. Model confidence: 35.9%.
46,370,after_shift,9,"[13, 5, 3, 7]",7,7,[7],1,2,0.3592233009708738,True,The learned policy selected page 7 because it received the highest predicted eviction score among the current resident pages. It was last accessed 1 reference ago and appeared 2 times in the recent 20-reference window. Model confidence: 35.9%.
46,373,after_shift,14,"[13, 5, 3, 9]",9,9,[9],3,1,0.2857142857142857,True,The learned policy selected page 9 because it received the highest predicted eviction score among the current resident pages. It was last accessed 3 references ago and appeared 1 time in the recent 20-reference window. Model confidence: 28.6%.
46,378,after_shift,15,"[13, 5, 3, 14]",14,13,"[13, 14]",5,1,0.3893805309734513,True,The learned policy selected page 14 because it received the highest predicted eviction score among the current resident pages. It was last accessed 5 references ago and appeared 1 time in the recent 20-reference window. Model confidence: 38.9%.
46,382,after_shift,7,"[13, 5, 3, 15]",15,13,"[13, 3, 15]",4,1,0.3488372093023256,True,The learned policy selected page 15 because it received the highest predicted eviction score among the current resident pages. It was last accessed 4 references ago and appeared 1 time in the recent 20-reference window. Model confidence: 34.9%.
46,383,after_shift,8,"[13, 5, 3, 7]",7,13,"[13, 3]",1,2,0.3592233009708738,False,The learned policy selected page 7 because it received the highest predicted eviction score among the current resident pages. It was last accessed 1 reference ago and appeared 2 times in the recent 20-reference window. Model confidence: 35.9%.
46,384,after_shift,2,"[13, 5, 3, 8]",8,13,"[13, 3]",1,2,0.3592233009708738,False,The learned policy selected page 8 because it received the highest predicted eviction score among the current resident pages. It was last accessed 1 reference ago and appeared 2 times in the recent 20-reference window. Model confidence: 35.9%.
46,385,after_shift,8,"[13, 5, 3, 2]",2,13,"[13, 3]",1,1,0.4716981132075472,False,The learned policy selected page 2 because it received the highest predicted eviction score among the current resident pages. It was last accessed 1 reference ago and appeared 1 time in the recent 20-reference window. Model confidence: 47.2%.
46,387,after_shift,7,"[13, 5, 3, 8]",8,13,"[13, 3]",1,3,0.27485380116959063,False,The learned policy selected page 8 because it received the highest predicted eviction score among the current resident pages. It was last accessed 1 reference ago and appeared 3 times in the recent 20-reference window. Model confidence: 27.5%.
46,389,after_shift,1,"[13, 5, 3, 7]",13,13,"[13, 3]",13,1,0.5,True,The learned policy selected page 13 because it received the highest predicted eviction score among the current resident pages. It was last accessed 13 references ago and appeared 1 time in the recent 20-reference window. Model confidence: 50.0%.
46,392,after_shift,2,"[5, 3, 7, 1]",5,3,"[3, 1]",1,8,0.3288409703504043,False,The learned policy selected page 5 because it received the highest predicted eviction score among the current resident pages. It was last accessed 1 reference ago and appeared 8 times in the recent 20-reference window. Model confidence: 32.9%.
46,393,after_shift,4,"[3, 7, 1, 2]",2,3,"[3, 1, 2]",1,2,0.3592233009708738,True,The learned policy selected page 2 because it received the highest predicted eviction score among the current resident pages. It was last accessed 1 reference ago and appeared 2 times in the recent 20-reference window. Model confidence: 35.9%.
46,394,after_shift,5,"[3, 7, 1, 4]",4,3,"[3, 1, 4]",1,1,0.4716981132075472,True,The learned policy selected page 4 because it received the highest predicted eviction score among the current resident pages. It was last accessed 1 reference ago and appeared 1 time in the recent 20-reference window. Model confidence: 47.2%.
46,395,after_shift,0,"[3, 7, 1, 5]",3,3,"[3, 1, 5]",14,1,0.5,True,The learned policy selected page 3 because it received the highest predicted eviction score among the current resident pages. It was last accessed 14 references ago and appeared 1 time in the recent 20-reference window. Model confidence: 50.0%.
46,397,after_shift,8,"[7, 1, 5, 0]",0,7,"[7, 1, 5, 0]",2,1,0.30434782608695654,True,The learned policy selected page 0 because it received the highest predicted eviction score among the current resident pages. It was last accessed 2 references ago and appeared 1 time in the recent 20-reference window. Model confidence: 30.4%.
46,398,after_shift,12,"[7, 1, 5, 8]",8,7,"[7, 1, 5]",1,4,0.3288409703504043,False,The learned policy selected page 8 because it received the highest predicted eviction score among the current resident pages. It was last accessed 1 reference ago and appeared 4 times in the recent 20-reference window. Model confidence: 32.9%.
46,399,after_shift,8,"[7, 1, 5, 12]",12,7,"[7, 1, 5, 12]",1,1,0.4716981132075472,True,The learned policy selected page 12 because it received the highest predicted eviction score among the current resident pages. It was last accessed 1 reference ago and appeared 1 time in the recent 20-reference window. Model confidence: 47.2%.
47,6,before_shift,3,"[1, 0, 4, 2]",0,4,[4],1,2,0.3592233009708738,False,The learned policy selected page 0 because it received the highest predicted eviction score among the current resident pages. It was last accessed 1 reference ago and appeared 2 times in the recent 20-reference window. Model confidence: 35.9%.
47,7,before_shift,0,"[1, 4, 2, 3]",3,4,[4],1,1,0.4716981132075472,False,The learned policy selected page 3 because it received the highest predicted eviction score among the current resident pages. It was last accessed 1 reference ago and appeared 1 time in the recent 20-reference window. Model confidence: 47.2%.
47,12,before_shift,3,"[1, 4, 2, 0]",2,4,[4],1,2,0.3592233009708738,False,The learned policy selected page 2 because it received the highest predicted eviction score among the current resident pages. It was last accessed 1 reference ago and appeared 2 times in the recent 20-reference window. Model confidence: 35.9%.
47,16,before_shift,2,"[1, 4, 0, 3]",4,4,[4],13,1,0.5,True,The learned policy selected page 4 because it received the highest predicted eviction score among the current resident pages. It was last accessed 13 references ago and appeared 1 time in the recent 20-reference window. Model confidence: 50.0%.
47,21,before_shift,5,"[1, 0, 3, 2]",0,0,[0],1,6,0.3288409703504043,True,The learned policy selected page 0 because it received the highest predicted eviction score among the current resident pages. It was last accessed 1 reference ago and appeared 6 times in the recent 20-reference window. Model confidence: 32.9%.
47,26,before_shift,0,"[1, 3, 2, 5]",5,5,[5],5,1,0.3893805309734513,True,The learned policy selected page 5 because it received the highest predicted eviction score among the current resident pages. It was last accessed 5 references ago and appeared 1 time in the recent 20-reference window. Model confidence: 38.9%.
47,28,before_shift,4,"[1, 3, 2, 0]",0,0,[0],2,4,0.27472527472527475,True,The learned policy selected page 0 because it received the highest predicted eviction score among the current resident pages. It was last accessed 2 references ago and appeared 4 times in the recent 20-reference window. Model confidence: 27.5%.
47,34,before_shift,0,"[1, 3, 2, 4]",4,4,[4],1,2,0.3592233009708738,True,The learned policy selected page 4 because it received the highest predicted eviction score among the current resident pages. It was last accessed 1 reference ago and appeared 2 times in the recent 20-reference window. Model confidence: 35.9%.
47,42,before_shift,5,"[1, 3, 2, 0]",2,2,[2],1,4,0.3288409703504043,True,The learned policy selected page 2 because it received the highest predicted eviction score among the current resident pages. It was last accessed 1 reference ago and appeared 4 times in the recent 20-reference window. Model confidence: 32.9%.
47,47,before_shift,2,"[1, 3, 0, 5]",5,5,[5],5,1,0.3893805309734513,True,The learned policy selected page 5 because it received the highest predicted eviction score among the current resident pages. It was last accessed 5 references ago and appeared 1 time in the recent 20-reference window. Model confidence: 38.9%.
47,53,before_shift,4,"[1, 3, 0, 2]",2,2,[2],1,4,0.3288409703504043,True,The learned policy selected page 2 because it received the highest predicted eviction score among the current resident pages. It was last accessed 1 reference ago and appeared 4 times in the recent 20-reference window. Model confidence: 32.9%.
47,54,before_shift,5,"[1, 3, 0, 4]",4,4,[4],1,1,0.4716981132075472,True,The learned policy selected page 4 because it received the highest predicted eviction score among the current resident pages. It was last accessed 1 reference ago and appeared 1 time in the recent 20-reference window. Model confidence: 47.2%.
47,60,before_shift,2,"[1, 3, 0, 5]",1,5,[5],1,5,0.3288409703504043,False,The learned policy selected page 1 because it received the highest predicted eviction score among the current resident pages. It was last accessed 1 reference ago and appeared 5 times in the recent 20-reference window. Model confidence: 32.9%.
47,63,before_shift,1,"[3, 0, 5, 2]",0,5,[5],1,7,0.3288409703504043,False,The learned policy selected page 0 because it received the highest predicted eviction score among the current resident pages. It was last accessed 1 reference ago and appeared 7 times in the recent 20-reference window. Model confidence: 32.9%.
47,66,before_shift,0,"[3, 5, 2, 1]",3,5,[5],1,4,0.3288409703504043,False,The learned policy selected page 3 because it received the highest predicted eviction score among the current resident pages. It was last accessed 1 reference ago and appeared 4 times in the recent 20-reference window. Model confidence: 32.9%.
47,70,before_shift,3,"[5, 2, 1, 0]",2,5,[5],1,4,0.3288409703504043,False,The learned policy selected page 2 because it received the highest predicted eviction score among the current resident pages. It was last accessed 1 reference ago and appeared 4 times in the recent 20-reference window. Model confidence: 32.9%.
47,75,before_shift,2,"[5, 1, 0, 3]",1,5,[5],1,5,0.3288409703504043,False,The learned policy selected page 1 because it received the highest predicted eviction score among the current resident pages. It was last accessed 1 reference ago and appeared 5 times in the recent 20-reference window. Model confidence: 32.9%.
47,79,before_shift,1,"[5, 0, 3, 2]",0,5,[5],1,8,0.3288409703504043,False,The learned policy selected page 0 because it received the highest predicted eviction score among the current resident pages. It was last accessed 1 reference ago and appeared 8 times in the recent 20-reference window. Model confidence: 32.9%.
47,82,before_shift,0,"[5, 3, 2, 1]",3,5,[5],1,4,0.3288409703504043,False,The learned policy selected page 3 because it received the highest predicted eviction score among the current resident pages. It was last accessed 1 reference ago and appeared 4 times in the recent 20-reference window. Model confidence: 32.9%.
47,85,before_shift,3,"[5, 2, 1, 0]",2,5,[5],1,4,0.3288409703504043,False,The learned policy selected page 2 because it received the highest predicted eviction score among the current resident pages. It was last accessed 1 reference ago and appeared 4 times in the recent 20-reference window. Model confidence: 32.9%.
47,88,before_shift,4,"[5, 1, 0, 3]",1,1,[1],1,5,0.3288409703504043,True,The learned policy selected page 1 because it received the highest predicted eviction score among the current resident pages. It was last accessed 1 reference ago and appeared 5 times in the recent 20-reference window. Model confidence: 32.9%.
47,89,before_shift,2,"[5, 0, 3, 4]",4,4,[4],1,1,0.4716981132075472,True,The learned policy selected page 4 because it received the highest predicted eviction score among the current resident pages. It was last accessed 1 reference ago and appeared 1 time in the recent 20-reference window. Model confidence: 47.2%.
47,94,before_shift,1,"[5, 0, 3, 2]",0,0,[0],1,5,0.3288409703504043,True,The learned policy selected page 0 because it received the highest predicted eviction score among the current resident pages. It was last accessed 1 reference ago and appeared 5 times in the recent 20-reference window. Model confidence: 32.9%.
47,98,before_shift,0,"[5, 3, 2, 1]",5,5,[5],1,3,0.27485380116959063,True,The learned policy selected page 5 because it received the highest predicted eviction score among the current resident pages. It was last accessed 1 reference ago and appeared 3 times in the recent 20-reference window. Model confidence: 27.5%.
47,104,before_shift,4,"[3, 2, 1, 0]",1,0,[0],1,4,0.3288409703504043,False,The learned policy selected page 1 because it received the highest predicted eviction score among the current resident pages. It was last accessed 1 reference ago and appeared 4 times in the recent 20-reference window. Model confidence: 32.9%.
47,105,before_shift,1,"[3, 2, 0, 4]",4,4,[4],1,2,0.3592233009708738,True,The learned policy selected page 4 because it received the highest predicted eviction score among the current resident pages. It was last accessed 1 reference ago and appeared 2 times in the recent 20-reference window. Model confidence: 35.9%.
47,110,before_shift,5,"[3, 2, 0, 1]",0,0,[0],1,7,0.3288409703504043,True,The learned policy selected page 0 because it received the highest predicted eviction score among the current resident pages. It was last accessed 1 reference ago and appeared 7 times in the recent 20-reference window. Model confidence: 32.9%.
47,113,before_shift,4,"[3, 2, 1, 5]",2,5,[5],1,3,0.27485380116959063,False,The learned policy selected page 2 because it received the highest predicted eviction score among the current resident pages. It was last accessed 1 reference ago and appeared 3 times in the recent 20-reference window. Model confidence: 27.5%.
47,115,before_shift,0,"[3, 1, 5, 4]",4,5,[5],2,2,0.2919254658385093,False,The learned policy selected page 4 because it received the highest predicted eviction score among the current resident pages. It was last accessed 2 references ago and appeared 2 times in the recent 20-reference window. Model confidence: 29.2%.
47,117,before_shift,2,"[3, 1, 5, 0]",1,5,[5],1,5,0.3288409703504043,False,The learned policy selected page 1 because it received the highest predicted eviction score among the current resident pages. It was last accessed 1 reference ago and appeared 5 times in the recent 20-reference window. Model confidence: 32.9%.
47,120,before_shift,1,"[3, 5, 0, 2]",0,5,[5],1,6,0.3288409703504043,False,The learned policy selected page 0 because it received the highest predicted eviction score among the current resident pages. It was last accessed 1 reference ago and appeared 6 times in the recent 20-reference window. Model confidence: 32.9%.
47,121,before_shift,0,"[3, 5, 2, 1]",1,5,[5],1,6,0.3288409703504043,False,The learned policy selected page 1 because it received the highest predicted eviction score among the current resident pages. It was last accessed 1 reference ago and appeared 6 times in the recent 20-reference window. Model confidence: 32.9%.
47,127,before_shift,1,"[3, 5, 2, 0]",0,5,[5],1,8,0.3288409703504043,False,The learned policy selected page 0 because it received the highest predicted eviction score among the current resident pages. It was last accessed 1 reference ago and appeared 8 times in the recent 20-reference window. Model confidence: 32.9%.
47,130,before_shift,4,"[3, 5, 2, 1]",1,5,[5],1,6,0.3288409703504043,False,The learned policy selected page 1 because it received the highest predicted eviction score among the current resident pages. It was last accessed 1 reference ago and appeared 6 times in the recent 20-reference window. Model confidence: 32.9%.
47,133,before_shift,0,"[3, 5, 2, 4]",3,5,[5],1,4,0.3288409703504043,False,The learned policy selected page 3 because it received the highest predicted eviction score among the current resident pages. It was last accessed 1 reference ago and appeared 4 times in the recent 20-reference window. Model confidence: 32.9%.
47,134,before_shift,1,"[5, 2, 4, 0]",4,5,[5],4,1,0.3488372093023256,False,The learned policy selected page 4 because it received the highest predicted eviction score among the current resident pages. It was last accessed 4 references ago and appeared 1 time in the recent 20-reference window. Model confidence: 34.9%.
47,138,before_shift,3,"[5, 2, 0, 1]",1,5,[5],1,6,0.3288409703504043,False,The learned policy selected page 1 because it received the highest predicted eviction score among the current resident pages. It was last accessed 1 reference ago and appeared 6 times in the recent 20-reference window. Model confidence: 32.9%.
47,140,before_shift,1,"[5, 2, 0, 3]",0,5,[5],1,7,0.3288409703504043,False,The learned policy selected page 0 because it received the highest predicted eviction score among the current resident pages. It was last accessed 1 reference ago and appeared 7 times in the recent 20-reference window. Model confidence: 32.9%.
47,143,before_shift,0,"[5, 2, 3, 1]",3,5,[5],1,4,0.3288409703504043,False,The learned policy selected page 3 because it received the highest predicted eviction score among the current resident pages. It was last accessed 1 reference ago and appeared 4 times in the recent 20-reference window. Model confidence: 32.9%.
47,147,before_shift,3,"[5, 2, 1, 0]",0,5,[5],1,5,0.3288409703504043,False,The learned policy selected page 0 because it received the highest predicted eviction score among the current resident pages. It was last accessed 1 reference ago and appeared 5 times in the recent 20-reference window. Model confidence: 32.9%.
47,148,before_shift,0,"[5, 2, 1, 3]",3,5,[5],1,4,0.3288409703504043,False,The learned policy selected page 3 because it received the highest predicted eviction score among the current resident pages. It was last accessed 1 reference ago and appeared 4 times in the recent 20-reference window. Model confidence: 32.9%.
47,151,before_shift,3,"[5, 2, 1, 0]",2,5,[5],1,5,0.3288409703504043,False,The learned policy selected page 2 because it received the highest predicted eviction score among the current resident pages. It was last accessed 1 reference ago and appeared 5 times in the recent 20-reference window. Model confidence: 32.9%.
47,154,before_shift,2,"[5, 1, 0, 3]",1,5,[5],1,6,0.3288409703504043,False,The learned policy selected page 1 because it received the highest predicted eviction score among the current resident pages. It was last accessed 1 reference ago and appeared 6 times in the recent 20-reference window. Model confidence: 32.9%.
47,157,before_shift,1,"[5, 0, 3, 2]",0,5,[5],1,6,0.3288409703504043,False,The learned policy selected page 0 because it received the highest predicted eviction score among the current resident pages. It was last accessed 1 reference ago and appeared 6 times in the recent 20-reference window. Model confidence: 32.9%.
47,160,before_shift,4,"[5, 3, 2, 1]",3,5,[5],1,5,0.3288409703504043,False,The learned policy selected page 3 because it received the highest predicted eviction score among the current resident pages. It was last accessed 1 reference ago and appeared 5 times in the recent 20-reference window. Model confidence: 32.9%.
47,161,before_shift,0,"[5, 2, 1, 4]",4,5,[5],1,1,0.4716981132075472,False,The learned policy selected page 4 because it received the highest predicted eviction score among the current resident pages. It was last accessed 1 reference ago and appeared 1 time in the recent 20-reference window. Model confidence: 47.2%.
47,164,before_shift,3,"[5, 2, 1, 0]",2,5,[5],1,5,0.3288409703504043,False,The learned policy selected page 2 because it received the highest predicted eviction score among the current resident pages. It was last accessed 1 reference ago and appeared 5 times in the recent 20-reference window. Model confidence: 32.9%.
47,169,before_shift,2,"[5, 1, 0, 3]",1,5,[5],1,5,0.3288409703504043,False,The learned policy selected page 1 because it received the highest predicted eviction score among the current resident pages. It was last accessed 1 reference ago and appeared 5 times in the recent 20-reference window. Model confidence: 32.9%.
47,172,before_shift,1,"[5, 0, 3, 2]",0,5,[5],1,7,0.3288409703504043,False,The learned policy selected page 0 because it received the highest predicted eviction score among the current resident pages. It was last accessed 1 reference ago and appeared 7 times in the recent 20-reference window. Model confidence: 32.9%.
47,175,before_shift,0,"[5, 3, 2, 1]",3,5,[5],1,5,0.3288409703504043,False,The learned policy selected page 3 because it received the highest predicted eviction score among the current resident pages. It was last accessed 1 reference ago and appeared 5 times in the recent 20-reference window. Model confidence: 32.9%.
47,178,before_shift,3,"[5, 2, 1, 0]",2,5,[5],1,5,0.3288409703504043,False,The learned policy selected page 2 because it received the highest predicted eviction score among the current resident pages. It was last accessed 1 reference ago and appeared 5 times in the recent 20-reference window. Model confidence: 32.9%.
47,181,before_shift,2,"[5, 1, 0, 3]",1,5,[5],1,5,0.3288409703504043,False,The learned policy selected page 1 because it received the highest predicted eviction score among the current resident pages. It was last accessed 1 reference ago and appeared 5 times in the recent 20-reference window. Model confidence: 32.9%.
47,183,before_shift,4,"[5, 0, 3, 2]",3,5,[5],1,5,0.3288409703504043,False,The learned policy selected page 3 because it received the highest predicted eviction score among the current resident pages. It was last accessed 1 reference ago and appeared 5 times in the recent 20-reference window. Model confidence: 32.9%.
47,184,before_shift,1,"[5, 0, 2, 4]",4,4,[4],1,1,0.4716981132075472,True,The learned policy selected page 4 because it received the highest predicted eviction score among the current resident pages. It was last accessed 1 reference ago and appeared 1 time in the recent 20-reference window. Model confidence: 47.2%.
47,188,before_shift,3,"[5, 0, 2, 1]",2,5,[5],1,5,0.3288409703504043,False,The learned policy selected page 2 because it received the highest predicted eviction score among the current resident pages. It was last accessed 1 reference ago and appeared 5 times in the recent 20-reference window. Model confidence: 32.9%.
47,193,before_shift,2,"[5, 0, 1, 3]",0,5,[5],1,5,0.3288409703504043,False,The learned policy selected page 0 because it received the highest predicted eviction score among the current resident pages. It was last accessed 1 reference ago and appeared 5 times in the recent 20-reference window. Model confidence: 32.9%.
47,196,before_shift,0,"[5, 1, 3, 2]",1,5,[5],1,7,0.3288409703504043,False,The learned policy selected page 1 because it received the highest predicted eviction score among the current resident pages. It was last accessed 1 reference ago and appeared 7 times in the recent 20-reference window. Model confidence: 32.9%.
47,197,before_shift,1,"[5, 3, 2, 0]",0,0,[0],1,5,0.3288409703504043,True,The learned policy selected page 0 because it received the highest predicted eviction score among the current resident pages. It was last accessed 1 reference ago and appeared 5 times in the recent 20-reference window. Model confidence: 32.9%.
47,203,after_shift,4,"[5, 3, 2, 1]",2,5,[5],1,5,0.3288409703504043,False,The learned policy selected page 2 because it received the highest predicted eviction score among the current resident pages. It was last accessed 1 reference ago and appeared 5 times in the recent 20-reference window. Model confidence: 32.9%.
47,204,after_shift,6,"[5, 3, 1, 4]",4,5,[5],1,1,0.4716981132075472,False,The learned policy selected page 4 because it received the highest predicted eviction score among the current resident pages. It was last accessed 1 reference ago and appeared 1 time in the recent 20-reference window. Model confidence: 47.2%.
47,205,after_shift,2,"[5, 3, 1, 6]",6,5,[5],1,1,0.4716981132075472,False,The learned policy selected page 6 because it received the highest predicted eviction score among the current resident pages. It was last accessed 1 reference ago and appeared 1 time in the recent 20-reference window. Model confidence: 47.2%.
47,207,after_shift,12,"[5, 3, 1, 2]",1,2,[2],10,4,0.4,False,The learned policy selected page 1 because it received the highest predicted eviction score among the current resident pages. It was last accessed 10 references ago and appeared 4 times in the recent 20-reference window. Model confidence: 40.0%.
47,208,after_shift,11,"[5, 3, 2, 12]",12,2,[2],1,1,0.4716981132075472,False,The learned policy selected page 12 because it received the highest predicted eviction score among the current resident pages. It was last accessed 1 reference ago and appeared 1 time in the recent 20-reference window. Model confidence: 47.2%.
47,209,after_shift,4,"[5, 3, 2, 11]",11,11,[11],1,1,0.4716981132075472,True,The learned policy selected page 11 because it received the highest predicted eviction score among the current resident pages. It was last accessed 1 reference ago and appeared 1 time in the recent 20-reference window. Model confidence: 47.2%.
47,210,after_shift,1,"[5, 3, 2, 4]",4,4,[4],1,2,0.3592233009708738,True,The learned policy selected page 4 because it received the highest predicted eviction score among the current resident pages. It was last accessed 1 reference ago and appeared 2 times in the recent 20-reference window. Model confidence: 35.9%.
47,211,after_shift,14,"[5, 3, 2, 1]",1,1,[1],1,4,0.3288409703504043,True,The learned policy selected page 1 because it received the highest predicted eviction score among the current resident pages. It was last accessed 1 reference ago and appeared 4 times in the recent 20-reference window. Model confidence: 32.9%.
47,214,after_shift,12,"[5, 3, 2, 14]",5,2,[2],13,1,0.5,False,The learned policy selected page 5 because it received the highest predicted eviction score among the current resident pages. It was last accessed 13 references ago and appeared 1 time in the recent 20-reference window. Model confidence: 50.0%.
47,221,after_shift,6,"[3, 2, 14, 12]",14,3,[3],1,5,0.3288409703504043,False,The learned policy selected page 14 because it received the highest predicted eviction score among the current resident pages. It was last accessed 1 reference ago and appeared 5 times in the recent 20-reference window. Model confidence: 32.9%.
47,223,after_shift,7,"[3, 2, 12, 6]",6,3,[3],1,3,0.27485380116959063,False,The learned policy selected page 6 because it received the highest predicted eviction score among the current resident pages. It was last accessed 1 reference ago and appeared 3 times in the recent 20-reference window. Model confidence: 27.5%.
47,224,after_shift,9,"[3, 2, 12, 7]",7,3,[3],1,1,0.4716981132075472,False,The learned policy selected page 7 because it received the highest predicted eviction score among the current resident pages. It was last accessed 1 reference ago and appeared 1 time in the recent 20-reference window. Model confidence: 47.2%.
47,225,after_shift,14,"[3, 2, 12, 9]",9,3,[3],1,1,0.4716981132075472,False,The learned policy selected page 9 because it received the highest predicted eviction score among the current resident pages. It was last accessed 1 reference ago and appeared 1 time in the recent 20-reference window. Model confidence: 47.2%.
47,226,after_shift,8,"[3, 2, 12, 14]",14,3,[3],1,6,0.3288409703504043,False,The learned policy selected page 14 because it received the highest predicted eviction score among the current resident pages. It was last accessed 1 reference ago and appeared 6 times in the recent 20-reference window. Model confidence: 32.9%.
47,228,after_shift,0,"[3, 2, 12, 8]",3,3,[3],13,1,0.5,True,The learned policy selected page 3 because it received the highest predicted eviction score among the current resident pages. It was last accessed 13 references ago and appeared 1 time in the recent 20-reference window. Model confidence: 50.0%.
47,230,after_shift,15,"[2, 12, 8, 0]",0,8,[8],1,2,0.3592233009708738,False,The learned policy selected page 0 because it received the highest predicted eviction score among the current resident pages. It was last accessed 1 reference ago and appeared 2 times in the recent 20-reference window. Model confidence: 35.9%.
47,231,after_shift,0,"[2, 12, 8, 15]",15,8,[8],1,1,0.4716981132075472,False,The learned policy selected page 15 because it received the highest predicted eviction score among the current resident pages. It was last accessed 1 reference ago and appeared 1 time in the recent 20-reference window. Model confidence: 47.2%.
47,232,after_shift,5,"[2, 12, 8, 0]",0,8,[8],1,3,0.27485380116959063,False,The learned policy selected page 0 because it received the highest predicted eviction score among the current resident pages. It was last accessed 1 reference ago and appeared 3 times in the recent 20-reference window. Model confidence: 27.5%.
47,234,after_shift,14,"[2, 12, 8, 5]",12,8,[8],1,6,0.3288409703504043,False,The learned policy selected page 12 because it received the highest predicted eviction score among the current resident pages. It was last accessed 1 reference ago and appeared 6 times in the recent 20-reference window. Model confidence: 32.9%.
47,235,after_shift,0,"[2, 8, 5, 14]",14,8,[8],1,4,0.3288409703504043,False,The learned policy selected page 14 because it received the highest predicted eviction score among the current resident pages. It was last accessed 1 reference ago and appeared 4 times in the recent 20-reference window. Model confidence: 32.9%.
47,236,after_shift,15,"[2, 8, 5, 0]",5,8,[8],4,1,0.3488372093023256,False,The learned policy selected page 5 because it received the highest predicted eviction score among the current resident pages. It was last accessed 4 references ago and appeared 1 time in the recent 20-reference window. Model confidence: 34.9%.
47,237,after_shift,5,"[2, 8, 0, 15]",15,8,[8],1,2,0.3592233009708738,False,The learned policy selected page 15 because it received the highest predicted eviction score among the current resident pages. It was last accessed 1 reference ago and appeared 2 times in the recent 20-reference window. Model confidence: 35.9%.
47,238,after_shift,9,"[2, 8, 0, 5]",5,8,[8],1,2,0.3592233009708738,False,The learned policy selected page 5 because it received the highest predicted eviction score among the current resident pages. It was last accessed 1 reference ago and appeared 2 times in the recent 20-reference window. Model confidence: 35.9%.
47,240,after_shift,15,"[2, 8, 0, 9]",8,8,[8],14,1,0.5,True,The learned policy selected page 8 because it received the highest predicted eviction score among the current resident pages. It was last accessed 14 references ago and appeared 1 time in the recent 20-reference window. Model confidence: 50.0%.
47,247,after_shift,14,"[2, 0, 9, 15]",2,0,[0],1,4,0.3288409703504043,False,The learned policy selected page 2 because it received the highest predicted eviction score among the current resident pages. It was last accessed 1 reference ago and appeared 4 times in the recent 20-reference window. Model confidence: 32.9%.
47,248,after_shift,2,"[0, 9, 15, 14]",14,0,[0],1,2,0.3592233009708738,False,The learned policy selected page 14 because it received the highest predicted eviction score among the current resident pages. It was last accessed 1 reference ago and appeared 2 times in the recent 20-reference window. Model confidence: 35.9%.
47,249,after_shift,10,"[0, 9, 15, 2]",2,0,[0],1,5,0.3288409703504043,False,The learned policy selected page 2 because it received the highest predicted eviction score among the current resident pages. It was last accessed 1 reference ago and appeared 5 times in the recent 20-reference window. Model confidence: 32.9%.
47,252,after_shift,7,"[0, 9, 15, 10]",10,0,[0],3,1,0.2857142857142857,False,The learned policy selected page 10 because it received the highest predicted eviction score among the current resident pages. It was last accessed 3 references ago and appeared 1 time in the recent 20-reference window. Model confidence: 28.6%.
47,255,after_shift,12,"[0, 9, 15, 7]",7,0,[0],1,2,0.3592233009708738,False,The learned policy selected page 7 because it received the highest predicted eviction score among the current resident pages. It was last accessed 1 reference ago and appeared 2 times in the recent 20-reference window. Model confidence: 35.9%.
47,256,after_shift,1,"[0, 9, 15, 12]",12,0,[0],1,1,0.4716981132075472,False,The learned policy selected page 12 because it received the highest predicted eviction score among the current resident pages. It was last accessed 1 reference ago and appeared 1 time in the recent 20-reference window. Model confidence: 47.2%.
47,258,after_shift,11,"[0, 9, 15, 1]",1,0,[0],2,1,0.30434782608695654,False,The learned policy selected page 1 because it received the highest predicted eviction score among the current resident pages. It was last accessed 2 references ago and appeared 1 time in the recent 20-reference window. Model confidence: 30.4%.
47,260,after_shift,6,"[0, 9, 15, 11]",9,0,[0],1,4,0.3288409703504043,False,The learned policy selected page 9 because it received the highest predicted eviction score among the current resident pages. It was last accessed 1 reference ago and appeared 4 times in the recent 20-reference window. Model confidence: 32.9%.
47,261,after_shift,13,"[0, 15, 11, 6]",6,0,[0],1,1,0.4716981132075472,False,The learned policy selected page 6 because it received the highest predicted eviction score among the current resident pages. It was last accessed 1 reference ago and appeared 1 time in the recent 20-reference window. Model confidence: 47.2%.
47,262,after_shift,14,"[0, 15, 11, 13]",13,0,[0],1,1,0.4716981132075472,False,The learned policy selected page 13 because it received the highest predicted eviction score among the current resident pages. It was last accessed 1 reference ago and appeared 1 time in the recent 20-reference window. Model confidence: 47.2%.
47,263,after_shift,4,"[0, 15, 11, 14]",11,0,[0],5,1,0.3893805309734513,False,The learned policy selected page 11 because it received the highest predicted eviction score among the current resident pages. It was last accessed 5 references ago and appeared 1 time in the recent 20-reference window. Model confidence: 38.9%.
47,264,after_shift,13,"[0, 15, 14, 4]",4,0,[0],1,1,0.4716981132075472,False,The learned policy selected page 4 because it received the highest predicted eviction score among the current resident pages. It was last accessed 1 reference ago and appeared 1 time in the recent 20-reference window. Model confidence: 47.2%.
47,266,after_shift,5,"[0, 15, 14, 13]",13,0,[0],1,3,0.27485380116959063,False,The learned policy selected page 13 because it received the highest predicted eviction score among the current resident pages. It was last accessed 1 reference ago and appeared 3 times in the recent 20-reference window. Model confidence: 27.5%.
47,267,after_shift,4,"[0, 15, 14, 5]",5,0,[0],1,1,0.4716981132075472,False,The learned policy selected page 5 because it received the highest predicted eviction score among the current resident pages. It was last accessed 1 reference ago and appeared 1 time in the recent 20-reference window. Model confidence: 47.2%.
47,270,after_shift,13,"[0, 15, 14, 4]",15,0,[0],13,1,0.5,False,The learned policy selected page 15 because it received the highest predicted eviction score among the current resident pages. It was last accessed 13 references ago and appeared 1 time in the recent 20-reference window. Model confidence: 50.0%.
47,273,after_shift,7,"[0, 14, 4, 13]",14,0,[0],1,4,0.3288409703504043,False,The learned policy selected page 14 because it received the highest predicted eviction score among the current resident pages. It was last accessed 1 reference ago and appeared 4 times in the recent 20-reference window. Model confidence: 32.9%.
47,275,after_shift,14,"[0, 4, 13, 7]",4,0,[0],1,4,0.3288409703504043,False,The learned policy selected page 4 because it received the highest predicted eviction score among the current resident pages. It was last accessed 1 reference ago and appeared 4 times in the recent 20-reference window. Model confidence: 32.9%.
47,277,after_shift,9,"[0, 13, 7, 14]",7,0,[0],4,1,0.3488372093023256,False,The learned policy selected page 7 because it received the highest predicted eviction score among the current resident pages. It was last accessed 4 references ago and appeared 1 time in the recent 20-reference window. Model confidence: 34.9%.
47,279,after_shift,2,"[0, 13, 14, 9]",9,0,[0],1,3,0.27485380116959063,False,The learned policy selected page 9 because it received the highest predicted eviction score among the current resident pages. It was last accessed 1 reference ago and appeared 3 times in the recent 20-reference window. Model confidence: 27.5%.
47,280,after_shift,5,"[0, 13, 14, 2]",2,0,[0],1,1,0.4716981132075472,False,The learned policy selected page 2 because it received the highest predicted eviction score among the current resident pages. It was last accessed 1 reference ago and appeared 1 time in the recent 20-reference window. Model confidence: 47.2%.
47,281,after_shift,1,"[0, 13, 14, 5]",13,0,[0],11,4,0.4,False,The learned policy selected page 13 because it received the highest predicted eviction score among the current resident pages. It was last accessed 11 references ago and appeared 4 times in the recent 20-reference window. Model confidence: 40.0%.
47,282,after_shift,2,"[0, 14, 5, 1]",1,0,[0],1,1,0.4716981132075472,False,The learned policy selected page 1 because it received the highest predicted eviction score among the current resident pages. It was last accessed 1 reference ago and appeared 1 time in the recent 20-reference window. Model confidence: 47.2%.
47,283,after_shift,1,"[0, 14, 5, 2]",2,0,[0],1,2,0.3592233009708738,False,The learned policy selected page 2 because it received the highest predicted eviction score among the current resident pages. It was last accessed 1 reference ago and appeared 2 times in the recent 20-reference window. Model confidence: 35.9%.
47,284,after_shift,10,"[0, 14, 5, 1]",1,0,[0],1,2,0.3592233009708738,False,The learned policy selected page 1 because it received the highest predicted eviction score among the current resident pages. It was last accessed 1 reference ago and appeared 2 times in the recent 20-reference window. Model confidence: 35.9%.
47,285,after_shift,9,"[0, 14, 5, 10]",10,10,[10],1,1,0.4716981132075472,True,The learned policy selected page 10 because it received the highest predicted eviction score among the current resident pages. It was last accessed 1 reference ago and appeared 1 time in the recent 20-reference window. Model confidence: 47.2%.
47,286,after_shift,15,"[0, 14, 5, 9]",14,0,[0],10,5,0.4,False,The learned policy selected page 14 because it received the highest predicted eviction score among the current resident pages. It was last accessed 10 references ago and appeared 5 times in the recent 20-reference window. Model confidence: 40.0%.
47,288,after_shift,1,"[0, 5, 9, 15]",5,0,[0],1,2,0.3592233009708738,False,The learned policy selected page 5 because it received the highest predicted eviction score among the current resident pages. It was last accessed 1 reference ago and appeared 2 times in the recent 20-reference window. Model confidence: 35.9%.
47,290,after_shift,5,"[0, 9, 15, 1]",15,0,[0],4,1,0.3488372093023256,False,The learned policy selected page 15 because it received the highest predicted eviction score among the current resident pages. It was last accessed 4 references ago and appeared 1 time in the recent 20-reference window. Model confidence: 34.9%.
47,293,after_shift,8,"[0, 9, 1, 5]",1,0,[0],1,5,0.3288409703504043,False,The learned policy selected page 1 because it received the highest predicted eviction score among the current resident pages. It was last accessed 1 reference ago and appeared 5 times in the recent 20-reference window. Model confidence: 32.9%.
47,296,after_shift,6,"[0, 9, 5, 8]",5,0,[0],1,4,0.3288409703504043,False,The learned policy selected page 5 because it received the highest predicted eviction score among the current resident pages. It was last accessed 1 reference ago and appeared 4 times in the recent 20-reference window. Model confidence: 32.9%.
47,297,after_shift,5,"[0, 9, 8, 6]",6,6,[6],1,1,0.4716981132075472,True,The learned policy selected page 6 because it received the highest predicted eviction score among the current resident pages. It was last accessed 1 reference ago and appeared 1 time in the recent 20-reference window. Model confidence: 47.2%.
47,298,after_shift,2,"[0, 9, 8, 5]",8,0,[0],5,1,0.3893805309734513,False,The learned policy selected page 8 because it received the highest predicted eviction score among the current resident pages. It was last accessed 5 references ago and appeared 1 time in the recent 20-reference window. Model confidence: 38.9%.
47,300,after_shift,7,"[0, 9, 5, 2]",5,0,[0],1,6,0.3288409703504043,False,The learned policy selected page 5 because it received the highest predicted eviction score among the current resident pages. It was last accessed 1 reference ago and appeared 6 times in the recent 20-reference window. Model confidence: 32.9%.
47,303,after_shift,4,"[0, 9, 2, 7]",7,0,[0],1,2,0.3592233009708738,False,The learned policy selected page 7 because it received the highest predicted eviction score among the current resident pages. It was last accessed 1 reference ago and appeared 2 times in the recent 20-reference window. Model confidence: 35.9%.
47,305,after_shift,8,"[0, 9, 2, 4]",4,0,[0],1,2,0.3592233009708738,False,The learned policy selected page 4 because it received the highest predicted eviction score among the current resident pages. It was last accessed 1 reference ago and appeared 2 times in the recent 20-reference window. Model confidence: 35.9%.
47,306,after_shift,4,"[0, 9, 2, 8]",8,0,[0],1,2,0.3592233009708738,False,The learned policy selected page 8 because it received the highest predicted eviction score among the current resident pages. It was last accessed 1 reference ago and appeared 2 times in the recent 20-reference window. Model confidence: 35.9%.
47,307,after_shift,5,"[0, 9, 2, 4]",4,0,[0],1,3,0.27485380116959063,False,The learned policy selected page 4 because it received the highest predicted eviction score among the current resident pages. It was last accessed 1 reference ago and appeared 3 times in the recent 20-reference window. Model confidence: 27.5%.
47,308,after_shift,8,"[0, 9, 2, 5]",5,0,[0],1,5,0.3288409703504043,False,The learned policy selected page 5 because it received the highest predicted eviction score among the current resident pages. It was last accessed 1 reference ago and appeared 5 times in the recent 20-reference window. Model confidence: 32.9%.
47,310,after_shift,11,"[0, 9, 2, 8]",9,0,[0],1,2,0.3592233009708738,False,The learned policy selected page 9 because it received the highest predicted eviction score among the current resident pages. It was last accessed 1 reference ago and appeared 2 times in the recent 20-reference window. Model confidence: 35.9%.
47,311,after_shift,12,"[0, 2, 8, 11]",11,0,[0],1,1,0.4716981132075472,False,The learned policy selected page 11 because it received the highest predicted eviction score among the current resident pages. It was last accessed 1 reference ago and appeared 1 time in the recent 20-reference window. Model confidence: 47.2%.
47,312,after_shift,11,"[0, 2, 8, 12]",12,0,[0],1,1,0.4716981132075472,False,The learned policy selected page 12 because it received the highest predicted eviction score among the current resident pages. It was last accessed 1 reference ago and appeared 1 time in the recent 20-reference window. Model confidence: 47.2%.
47,313,after_shift,7,"[0, 2, 8, 11]",11,0,[0],1,2,0.3592233009708738,False,The learned policy selected page 11 because it received the highest predicted eviction score among the current resident pages. It was last accessed 1 reference ago and appeared 2 times in the recent 20-reference window. Model confidence: 35.9%.
47,315,after_shift,11,"[0, 2, 8, 7]",2,0,[0],1,3,0.27485380116959063,False,The learned policy selected page 2 because it received the highest predicted eviction score among the current resident pages. It was last accessed 1 reference ago and appeared 3 times in the recent 20-reference window. Model confidence: 27.5%.
47,316,after_shift,3,"[0, 8, 7, 11]",11,0,[0],1,3,0.27485380116959063,False,The learned policy selected page 11 because it received the highest predicted eviction score among the current resident pages. It was last accessed 1 reference ago and appeared 3 times in the recent 20-reference window. Model confidence: 27.5%.
47,317,after_shift,9,"[0, 8, 7, 3]",3,0,[0],1,1,0.4716981132075472,False,The learned policy selected page 3 because it received the highest predicted eviction score among the current resident pages. It was last accessed 1 reference ago and appeared 1 time in the recent 20-reference window. Model confidence: 47.2%.
47,318,after_shift,11,"[0, 8, 7, 9]",9,0,[0],1,2,0.3592233009708738,False,The learned policy selected page 9 because it received the highest predicted eviction score among the current resident pages. It was last accessed 1 reference ago and appeared 2 times in the recent 20-reference window. Model confidence: 35.9%.
47,319,after_shift,5,"[0, 8, 7, 11]",11,0,[0],1,4,0.3288409703504043,False,The learned policy selected page 11 because it received the highest predicted eviction score among the current resident pages. It was last accessed 1 reference ago and appeared 4 times in the recent 20-reference window. Model confidence: 32.9%.
47,321,after_shift,2,"[0, 8, 7, 5]",5,0,[0],1,3,0.27485380116959063,False,The learned policy selected page 5 because it received the highest predicted eviction score among the current resident pages. It was last accessed 1 reference ago and appeared 3 times in the recent 20-reference window. Model confidence: 27.5%.
47,322,after_shift,15,"[0, 8, 7, 2]",2,0,[0],1,2,0.3592233009708738,False,The learned policy selected page 2 because it received the highest predicted eviction score among the current resident pages. It was last accessed 1 reference ago and appeared 2 times in the recent 20-reference window. Model confidence: 35.9%.
47,323,after_shift,9,"[0, 8, 7, 15]",15,0,[0],1,1,0.4716981132075472,False,The learned policy selected page 15 because it received the highest predicted eviction score among the current resident pages. It was last accessed 1 reference ago and appeared 1 time in the recent 20-reference window. Model confidence: 47.2%.
47,324,after_shift,3,"[0, 8, 7, 9]",9,9,[9],1,3,0.27485380116959063,True,The learned policy selected page 9 because it received the highest predicted eviction score among the current resident pages. It was last accessed 1 reference ago and appeared 3 times in the recent 20-reference window. Model confidence: 27.5%.
47,325,after_shift,14,"[0, 8, 7, 3]",3,0,[0],1,2,0.3592233009708738,False,The learned policy selected page 3 because it received the highest predicted eviction score among the current resident pages. It was last accessed 1 reference ago and appeared 2 times in the recent 20-reference window. Model confidence: 35.9%.
47,326,after_shift,5,"[0, 8, 7, 14]",7,0,[0],13,1,0.5,False,The learned policy selected page 7 because it received the highest predicted eviction score among the current resident pages. It was last accessed 13 references ago and appeared 1 time in the recent 20-reference window. Model confidence: 50.0%.
47,327,after_shift,4,"[0, 8, 14, 5]",5,0,[0],1,4,0.3288409703504043,False,The learned policy selected page 5 because it received the highest predicted eviction score among the current resident pages. It was last accessed 1 reference ago and appeared 4 times in the recent 20-reference window. Model confidence: 32.9%.
47,328,after_shift,2,"[0, 8, 14, 4]",4,0,[0],1,1,0.4716981132075472,False,The learned policy selected page 4 because it received the highest predicted eviction score among the current resident pages. It was last accessed 1 reference ago and appeared 1 time in the recent 20-reference window. Model confidence: 47.2%.
47,331,after_shift,13,"[0, 8, 14, 2]",14,0,[0],1,2,0.3592233009708738,False,The learned policy selected page 14 because it received the highest predicted eviction score among the current resident pages. It was last accessed 1 reference ago and appeared 2 times in the recent 20-reference window. Model confidence: 35.9%.
47,333,after_shift,5,"[0, 8, 2, 13]",2,0,[0],1,5,0.3288409703504043,False,The learned policy selected page 2 because it received the highest predicted eviction score among the current resident pages. It was last accessed 1 reference ago and appeared 5 times in the recent 20-reference window. Model confidence: 32.9%.
47,334,after_shift,15,"[0, 8, 13, 5]",5,0,[0],1,4,0.3288409703504043,False,The learned policy selected page 5 because it received the highest predicted eviction score among the current resident pages. It was last accessed 1 reference ago and appeared 4 times in the recent 20-reference window. Model confidence: 32.9%.
47,335,after_shift,3,"[0, 8, 13, 15]",15,0,[0],1,2,0.3592233009708738,False,The learned policy selected page 15 because it received the highest predicted eviction score among the current resident pages. It was last accessed 1 reference ago and appeared 2 times in the recent 20-reference window. Model confidence: 35.9%.
47,337,after_shift,12,"[0, 8, 13, 3]",13,3,[3],1,2,0.3592233009708738,False,The learned policy selected page 13 because it received the highest predicted eviction score among the current resident pages. It was last accessed 1 reference ago and appeared 2 times in the recent 20-reference window. Model confidence: 35.9%.
47,338,after_shift,15,"[0, 8, 3, 12]",12,3,[3],1,1,0.4716981132075472,False,The learned policy selected page 12 because it received the highest predicted eviction score among the current resident pages. It was last accessed 1 reference ago and appeared 1 time in the recent 20-reference window. Model confidence: 47.2%.
47,339,after_shift,7,"[0, 8, 3, 15]",15,3,[3],1,3,0.27485380116959063,False,The learned policy selected page 15 because it received the highest predicted eviction score among the current resident pages. It was last accessed 1 reference ago and appeared 3 times in the recent 20-reference window. Model confidence: 27.5%.
47,340,after_shift,14,"[0, 8, 3, 7]",7,3,[3],1,1,0.4716981132075472,False,The learned policy selected page 7 because it received the highest predicted eviction score among the current resident pages. It was last accessed 1 reference ago and appeared 1 time in the recent 20-reference window. Model confidence: 47.2%.
47,341,after_shift,11,"[0, 8, 3, 14]",14,3,[3],1,3,0.27485380116959063,False,The learned policy selected page 14 because it received the highest predicted eviction score among the current resident pages. It was last accessed 1 reference ago and appeared 3 times in the recent 20-reference window. Model confidence: 27.5%.
47,342,after_shift,14,"[0, 8, 3, 11]",11,3,[3],1,1,0.4716981132075472,False,The learned policy selected page 11 because it received the highest predicted eviction score among the current resident pages. It was last accessed 1 reference ago and appeared 1 time in the recent 20-reference window. Model confidence: 47.2%.
47,343,after_shift,12,"[0, 8, 3, 14]",14,3,[3],1,4,0.3288409703504043,False,The learned policy selected page 14 because it received the highest predicted eviction score among the current resident pages. It was last accessed 1 reference ago and appeared 4 times in the recent 20-reference window. Model confidence: 32.9%.
47,344,after_shift,4,"[0, 8, 3, 12]",12,3,[3],1,2,0.3592233009708738,False,The learned policy selected page 12 because it received the highest predicted eviction score among the current resident pages. It was last accessed 1 reference ago and appeared 2 times in the recent 20-reference window. Model confidence: 35.9%.
47,345,after_shift,14,"[0, 8, 3, 4]",4,3,"[3, 4]",1,2,0.3592233009708738,True,The learned policy selected page 4 because it received the highest predicted eviction score among the current resident pages. It was last accessed 1 reference ago and appeared 2 times in the recent 20-reference window. Model confidence: 35.9%.
47,346,after_shift,13,"[0, 8, 3, 14]",14,3,[3],1,4,0.3288409703504043,False,The learned policy selected page 14 because it received the highest predicted eviction score among the current resident pages. It was last accessed 1 reference ago and appeared 4 times in the recent 20-reference window. Model confidence: 32.9%.
47,347,after_shift,14,"[0, 8, 3, 13]",13,3,[3],1,3,0.27485380116959063,False,The learned policy selected page 13 because it received the highest predicted eviction score among the current resident pages. It was last accessed 1 reference ago and appeared 3 times in the recent 20-reference window. Model confidence: 27.5%.
47,348,after_shift,5,"[0, 8, 3, 14]",3,3,[3],13,1,0.5,True,The learned policy selected page 3 because it received the highest predicted eviction score among the current resident pages. It was last accessed 13 references ago and appeared 1 time in the recent 20-reference window. Model confidence: 50.0%.
47,349,after_shift,12,"[0, 8, 14, 5]",5,14,[14],1,2,0.3592233009708738,False,The learned policy selected page 5 because it received the highest predicted eviction score among the current resident pages. It was last accessed 1 reference ago and appeared 2 times in the recent 20-reference window. Model confidence: 35.9%.
47,351,after_shift,11,"[0, 8, 14, 12]",12,14,[14],1,4,0.3288409703504043,False,The learned policy selected page 12 because it received the highest predicted eviction score among the current resident pages. It was last accessed 1 reference ago and appeared 4 times in the recent 20-reference window. Model confidence: 32.9%.
47,352,after_shift,12,"[0, 8, 14, 11]",11,14,[14],1,2,0.3592233009708738,False,The learned policy selected page 11 because it received the highest predicted eviction score among the current resident pages. It was last accessed 1 reference ago and appeared 2 times in the recent 20-reference window. Model confidence: 35.9%.
47,353,after_shift,2,"[0, 8, 14, 12]",12,14,[14],1,5,0.3288409703504043,False,The learned policy selected page 12 because it received the highest predicted eviction score among the current resident pages. It was last accessed 1 reference ago and appeared 5 times in the recent 20-reference window. Model confidence: 32.9%.
47,354,after_shift,11,"[0, 8, 14, 2]",2,14,[14],1,1,0.4716981132075472,False,The learned policy selected page 2 because it received the highest predicted eviction score among the current resident pages. It was last accessed 1 reference ago and appeared 1 time in the recent 20-reference window. Model confidence: 47.2%.
47,355,after_shift,15,"[0, 8, 14, 11]",11,14,[14],1,3,0.27485380116959063,False,The learned policy selected page 11 because it received the highest predicted eviction score among the current resident pages. It was last accessed 1 reference ago and appeared 3 times in the recent 20-reference window. Model confidence: 27.5%.
47,356,after_shift,12,"[0, 8, 14, 15]",15,14,[14],1,2,0.3592233009708738,False,The learned policy selected page 15 because it received the highest predicted eviction score among the current resident pages. It was last accessed 1 reference ago and appeared 2 times in the recent 20-reference window. Model confidence: 35.9%.
47,357,after_shift,1,"[0, 8, 14, 12]",14,14,[14],10,4,0.4,True,The learned policy selected page 14 because it received the highest predicted eviction score among the current resident pages. It was last accessed 10 references ago and appeared 4 times in the recent 20-reference window. Model confidence: 40.0%.
47,360,after_shift,11,"[0, 8, 12, 1]",8,8,[8],1,1,0.4716981132075472,True,The learned policy selected page 8 because it received the highest predicted eviction score among the current resident pages. It was last accessed 1 reference ago and appeared 1 time in the recent 20-reference window. Model confidence: 47.2%.
47,364,after_shift,5,"[0, 12, 1, 11]",11,1,[1],1,6,0.3288409703504043,False,The learned policy selected page 11 because it received the highest predicted eviction score among the current resident pages. It was last accessed 1 reference ago and appeared 6 times in the recent 20-reference window. Model confidence: 32.9%.
47,366,after_shift,11,"[0, 12, 1, 5]",12,5,[5],1,5,0.3288409703504043,False,The learned policy selected page 12 because it received the highest predicted eviction score among the current resident pages. It was last accessed 1 reference ago and appeared 5 times in the recent 20-reference window. Model confidence: 32.9%.
47,367,after_shift,2,"[0, 1, 5, 11]",11,5,[5],1,7,0.3288409703504043,False,The learned policy selected page 11 because it received the highest predicted eviction score among the current resident pages. It was last accessed 1 reference ago and appeared 7 times in the recent 20-reference window. Model confidence: 32.9%.
47,368,after_shift,15,"[0, 1, 5, 2]",2,5,[5],1,2,0.3592233009708738,False,The learned policy selected page 2 because it received the highest predicted eviction score among the current resident pages. It was last accessed 1 reference ago and appeared 2 times in the recent 20-reference window. Model confidence: 35.9%.
47,369,after_shift,2,"[0, 1, 5, 15]",5,15,[15],5,1,0.3893805309734513,False,The learned policy selected page 5 because it received the highest predicted eviction score among the current resident pages. It was last accessed 5 references ago and appeared 1 time in the recent 20-reference window. Model confidence: 38.9%.
47,371,after_shift,12,"[0, 1, 15, 2]",2,15,[15],1,4,0.3288409703504043,False,The learned policy selected page 2 because it received the highest predicted eviction score among the current resident pages. It was last accessed 1 reference ago and appeared 4 times in the recent 20-reference window. Model confidence: 32.9%.
47,373,after_shift,10,"[0, 1, 15, 12]",0,15,[15],1,1,0.4716981132075472,False,The learned policy selected page 0 because it received the highest predicted eviction score among the current resident pages. It was last accessed 1 reference ago and appeared 1 time in the recent 20-reference window. Model confidence: 47.2%.
47,374,after_shift,11,"[1, 15, 12, 10]",10,15,"[15, 10]",1,1,0.4716981132075472,True,The learned policy selected page 10 because it received the highest predicted eviction score among the current resident pages. It was last accessed 1 reference ago and appeared 1 time in the recent 20-reference window. Model confidence: 47.2%.
47,375,after_shift,7,"[1, 15, 12, 11]",11,15,[15],1,6,0.3288409703504043,False,The learned policy selected page 11 because it received the highest predicted eviction score among the current resident pages. It was last accessed 1 reference ago and appeared 6 times in the recent 20-reference window. Model confidence: 32.9%.
47,377,after_shift,0,"[1, 15, 12, 7]",7,15,"[15, 7]",2,1,0.30434782608695654,True,The learned policy selected page 7 because it received the highest predicted eviction score among the current resident pages. It was last accessed 2 references ago and appeared 1 time in the recent 20-reference window. Model confidence: 30.4%.
47,378,after_shift,11,"[1, 15, 12, 0]",0,15,"[15, 0]",1,2,0.3592233009708738,True,The learned policy selected page 0 because it received the highest predicted eviction score among the current resident pages. It was last accessed 1 reference ago and appeared 2 times in the recent 20-reference window. Model confidence: 35.9%.
47,379,after_shift,14,"[1, 15, 12, 11]",11,15,[15],1,7,0.3288409703504043,False,The learned policy selected page 11 because it received the highest predicted eviction score among the current resident pages. It was last accessed 1 reference ago and appeared 7 times in the recent 20-reference window. Model confidence: 32.9%.
47,380,after_shift,13,"[1, 15, 12, 14]",14,15,[15],1,1,0.4716981132075472,False,The learned policy selected page 14 because it received the highest predicted eviction score among the current resident pages. It was last accessed 1 reference ago and appeared 1 time in the recent 20-reference window. Model confidence: 47.2%.
47,381,after_shift,9,"[1, 15, 12, 13]",15,15,[15],13,1,0.5,True,The learned policy selected page 15 because it received the highest predicted eviction score among the current resident pages. It was last accessed 13 references ago and appeared 1 time in the recent 20-reference window. Model confidence: 50.0%.
47,382,after_shift,11,"[1, 12, 13, 9]",9,9,[9],1,1,0.4716981132075472,True,The learned policy selected page 9 because it received the highest predicted eviction score among the current resident pages. It was last accessed 1 reference ago and appeared 1 time in the recent 20-reference window. Model confidence: 47.2%.
47,383,after_shift,5,"[1, 12, 13, 11]",11,13,[13],1,5,0.3288409703504043,False,The learned policy selected page 11 because it received the highest predicted eviction score among the current resident pages. It was last accessed 1 reference ago and appeared 5 times in the recent 20-reference window. Model confidence: 32.9%.
47,384,after_shift,14,"[1, 12, 13, 5]",5,13,[13],1,2,0.3592233009708738,False,The learned policy selected page 5 because it received the highest predicted eviction score among the current resident pages. It was last accessed 1 reference ago and appeared 2 times in the recent 20-reference window. Model confidence: 35.9%.
47,385,after_shift,6,"[1, 12, 13, 14]",13,13,[13],5,1,0.3893805309734513,True,The learned policy selected page 13 because it received the highest predicted eviction score among the current resident pages. It was last accessed 5 references ago and appeared 1 time in the recent 20-reference window. Model confidence: 38.9%.
47,386,after_shift,11,"[1, 12, 14, 6]",6,6,[6],1,1,0.4716981132075472,True,The learned policy selected page 6 because it received the highest predicted eviction score among the current resident pages. It was last accessed 1 reference ago and appeared 1 time in the recent 20-reference window. Model confidence: 47.2%.
47,387,after_shift,5,"[1, 12, 14, 11]",11,12,[12],1,4,0.3288409703504043,False,The learned policy selected page 11 because it received the highest predicted eviction score among the current resident pages. It was last accessed 1 reference ago and appeared 4 times in the recent 20-reference window. Model confidence: 32.9%.
47,389,after_shift,11,"[1, 12, 14, 5]",1,12,[12],13,1,0.5,False,The learned policy selected page 1 because it received the highest predicted eviction score among the current resident pages. It was last accessed 13 references ago and appeared 1 time in the recent 20-reference window. Model confidence: 50.0%.
47,390,after_shift,2,"[12, 14, 5, 11]",11,12,[12],1,5,0.3288409703504043,False,The learned policy selected page 11 because it received the highest predicted eviction score among the current resident pages. It was last accessed 1 reference ago and appeared 5 times in the recent 20-reference window. Model confidence: 32.9%.
47,391,after_shift,11,"[12, 14, 5, 2]",2,2,[2],1,1,0.4716981132075472,True,The learned policy selected page 2 because it received the highest predicted eviction score among the current resident pages. It was last accessed 1 reference ago and appeared 1 time in the recent 20-reference window. Model confidence: 47.2%.
47,395,after_shift,1,"[12, 14, 5, 11]",11,5,[5],1,6,0.3288409703504043,False,The learned policy selected page 11 because it received the highest predicted eviction score among the current resident pages. It was last accessed 1 reference ago and appeared 6 times in the recent 20-reference window. Model confidence: 32.9%.
47,397,after_shift,13,"[12, 14, 5, 1]",12,12,"[12, 5, 1]",1,1,0.4716981132075472,True,The learned policy selected page 12 because it received the highest predicted eviction score among the current resident pages. It was last accessed 1 reference ago and appeared 1 time in the recent 20-reference window. Model confidence: 47.2%.
47,399,after_shift,11,"[14, 5, 1, 13]",1,14,"[14, 5, 1, 13]",4,1,0.3488372093023256,True,The learned policy selected page 1 because it received the highest predicted eviction score among the current resident pages. It was last accessed 4 references ago and appeared 1 time in the recent 20-reference window. Model confidence: 34.9%.
48,27,before_shift,5,"[0, 1, 2, 3]",1,1,[1],1,7,0.3288409703504043,True,The learned policy selected page 1 because it received the highest predicted eviction score among the current resident pages. It was last accessed 1 reference ago and appeared 7 times in the recent 20-reference window. Model confidence: 32.9%.
48,33,before_shift,1,"[0, 2, 3, 5]",0,5,[5],1,7,0.3288409703504043,False,The learned policy selected page 0 because it received the highest predicted eviction score among the current resident pages. It was last accessed 1 reference ago and appeared 7 times in the recent 20-reference window. Model confidence: 32.9%.
48,36,before_shift,0,"[2, 3, 5, 1]",3,5,[5],1,4,0.3288409703504043,False,The learned policy selected page 3 because it received the highest predicted eviction score among the current resident pages. It was last accessed 1 reference ago and appeared 4 times in the recent 20-reference window. Model confidence: 32.9%.
48,39,before_shift,3,"[2, 5, 1, 0]",2,2,[2],1,4,0.3288409703504043,True,The learned policy selected page 2 because it received the highest predicted eviction score among the current resident pages. It was last accessed 1 reference ago and appeared 4 times in the recent 20-reference window. Model confidence: 32.9%.
48,43,before_shift,2,"[5, 1, 0, 3]",1,1,[1],1,5,0.3288409703504043,True,The learned policy selected page 1 because it received the highest predicted eviction score among the current resident pages. It was last accessed 1 reference ago and appeared 5 times in the recent 20-reference window. Model confidence: 32.9%.
48,46,before_shift,4,"[5, 0, 3, 2]",0,0,[0],1,6,0.3288409703504043,True,The learned policy selected page 0 because it received the highest predicted eviction score among the current resident pages. It was last accessed 1 reference ago and appeared 6 times in the recent 20-reference window. Model confidence: 32.9%.
48,49,before_shift,1,"[5, 3, 2, 4]",4,5,[5],1,2,0.3592233009708738,False,The learned policy selected page 4 because it received the highest predicted eviction score among the current resident pages. It was last accessed 1 reference ago and appeared 2 times in the recent 20-reference window. Model confidence: 35.9%.
48,52,before_shift,0,"[5, 3, 2, 1]",3,5,[5],1,4,0.3288409703504043,False,The learned policy selected page 3 because it received the highest predicted eviction score among the current resident pages. It was last accessed 1 reference ago and appeared 4 times in the recent 20-reference window. Model confidence: 32.9%.
48,56,before_shift,3,"[5, 2, 1, 0]",2,5,[5],1,4,0.3288409703504043,False,The learned policy selected page 2 because it received the highest predicted eviction score among the current resident pages. It was last accessed 1 reference ago and appeared 4 times in the recent 20-reference window. Model confidence: 32.9%.
48,59,before_shift,2,"[5, 1, 0, 3]",1,5,[5],1,5,0.3288409703504043,False,The learned policy selected page 1 because it received the highest predicted eviction score among the current resident pages. It was last accessed 1 reference ago and appeared 5 times in the recent 20-reference window. Model confidence: 32.9%.
48,63,before_shift,1,"[5, 0, 3, 2]",0,5,[5],1,5,0.3288409703504043,False,The learned policy selected page 0 because it received the highest predicted eviction score among the current resident pages. It was last accessed 1 reference ago and appeared 5 times in the recent 20-reference window. Model confidence: 32.9%.
48,66,before_shift,0,"[5, 3, 2, 1]",3,5,[5],1,4,0.3288409703504043,False,The learned policy selected page 3 because it received the highest predicted eviction score among the current resident pages. It was last accessed 1 reference ago and appeared 4 times in the recent 20-reference window. Model confidence: 32.9%.
48,69,before_shift,4,"[5, 2, 1, 0]",2,5,[5],1,5,0.3288409703504043,False,The learned policy selected page 2 because it received the highest predicted eviction score among the current resident pages. It was last accessed 1 reference ago and appeared 5 times in the recent 20-reference window. Model confidence: 32.9%.
48,70,before_shift,3,"[5, 1, 0, 4]",4,5,[5],1,1,0.4716981132075472,False,The learned policy selected page 4 because it received the highest predicted eviction score among the current resident pages. It was last accessed 1 reference ago and appeared 1 time in the recent 20-reference window. Model confidence: 47.2%.
48,73,before_shift,2,"[5, 1, 0, 3]",1,5,[5],1,6,0.3288409703504043,False,The learned policy selected page 1 because it received the highest predicted eviction score among the current resident pages. It was last accessed 1 reference ago and appeared 6 times in the recent 20-reference window. Model confidence: 32.9%.
48,75,before_shift,1,"[5, 0, 3, 2]",3,5,[5],1,5,0.3288409703504043,False,The learned policy selected page 3 because it received the highest predicted eviction score among the current resident pages. It was last accessed 1 reference ago and appeared 5 times in the recent 20-reference window. Model confidence: 32.9%.
48,79,before_shift,3,"[5, 0, 2, 1]",2,5,[5],1,5,0.3288409703504043,False,The learned policy selected page 2 because it received the highest predicted eviction score among the current resident pages. It was last accessed 1 reference ago and appeared 5 times in the recent 20-reference window. Model confidence: 32.9%.
48,82,before_shift,4,"[5, 0, 1, 3]",1,5,[5],1,6,0.3288409703504043,False,The learned policy selected page 1 because it received the highest predicted eviction score among the current resident pages. It was last accessed 1 reference ago and appeared 6 times in the recent 20-reference window. Model confidence: 32.9%.
48,83,before_shift,2,"[5, 0, 3, 4]",4,4,[4],1,2,0.3592233009708738,True,The learned policy selected page 4 because it received the highest predicted eviction score among the current resident pages. It was last accessed 1 reference ago and appeared 2 times in the recent 20-reference window. Model confidence: 35.9%.
48,84,before_shift,1,"[5, 0, 3, 2]",2,5,[5],1,5,0.3288409703504043,False,The learned policy selected page 2 because it received the highest predicted eviction score among the current resident pages. It was last accessed 1 reference ago and appeared 5 times in the recent 20-reference window. Model confidence: 32.9%.
48,91,before_shift,2,"[5, 0, 3, 1]",0,5,[5],1,5,0.3288409703504043,False,The learned policy selected page 0 because it received the highest predicted eviction score among the current resident pages. It was last accessed 1 reference ago and appeared 5 times in the recent 20-reference window. Model confidence: 32.9%.
48,94,before_shift,0,"[5, 3, 1, 2]",3,5,[5],1,4,0.3288409703504043,False,The learned policy selected page 3 because it received the highest predicted eviction score among the current resident pages. It was last accessed 1 reference ago and appeared 4 times in the recent 20-reference window. Model confidence: 32.9%.
48,101,before_shift,3,"[5, 1, 2, 0]",2,5,[5],1,3,0.27485380116959063,False,The learned policy selected page 2 because it received the highest predicted eviction score among the current resident pages. It was last accessed 1 reference ago and appeared 3 times in the recent 20-reference window. Model confidence: 27.5%.
48,106,before_shift,2,"[5, 1, 0, 3]",3,5,[5],5,3,0.2129032258064516,False,The learned policy selected page 3 because it received the highest predicted eviction score among the current resident pages. It was last accessed 5 references ago and appeared 3 times in the recent 20-reference window. Model confidence: 21.3%.
48,107,before_shift,3,"[5, 1, 0, 2]",2,5,[5],1,3,0.27485380116959063,False,The learned policy selected page 2 because it received the highest predicted eviction score among the current resident pages. It was last accessed 1 reference ago and appeared 3 times in the recent 20-reference window. Model confidence: 27.5%.
48,111,before_shift,2,"[5, 1, 0, 3]",1,1,[1],1,8,0.3288409703504043,True,The learned policy selected page 1 because it received the highest predicted eviction score among the current resident pages. It was last accessed 1 reference ago and appeared 8 times in the recent 20-reference window. Model confidence: 32.9%.
48,115,before_shift,1,"[5, 0, 3, 2]",5,5,[5],1,1,0.4716981132075472,True,The learned policy selected page 5 because it received the highest predicted eviction score among the current resident pages. It was last accessed 1 reference ago and appeared 1 time in the recent 20-reference window. Model confidence: 47.2%.
48,148,before_shift,4,"[0, 3, 2, 1]",0,2,[2],1,8,0.3288409703504043,False,The learned policy selected page 0 because it received the highest predicted eviction score among the current resident pages. It was last accessed 1 reference ago and appeared 8 times in the recent 20-reference window. Model confidence: 32.9%.
48,149,before_shift,0,"[3, 2, 1, 4]",4,4,[4],1,1,0.4716981132075472,True,The learned policy selected page 4 because it received the highest predicted eviction score among the current resident pages. It was last accessed 1 reference ago and appeared 1 time in the recent 20-reference window. Model confidence: 47.2%.
48,175,before_shift,4,"[3, 2, 1, 0]",1,1,[1],1,7,0.3288409703504043,True,The learned policy selected page 1 because it received the highest predicted eviction score among the current resident pages. It was last accessed 1 reference ago and appeared 7 times in the recent 20-reference window. Model confidence: 32.9%.
48,180,before_shift,1,"[3, 2, 0, 4]",4,4,[4],5,1,0.3893805309734513,True,The learned policy selected page 4 because it received the highest predicted eviction score among the current resident pages. It was last accessed 5 references ago and appeared 1 time in the recent 20-reference window. Model confidence: 38.9%.
48,197,before_shift,4,"[3, 2, 0, 1]",0,3,[3],1,6,0.3288409703504043,False,The learned policy selected page 0 because it received the highest predicted eviction score among the current resident pages. It was last accessed 1 reference ago and appeared 6 times in the recent 20-reference window. Model confidence: 32.9%.
48,198,before_shift,0,"[3, 2, 1, 4]",4,3,[3],1,1,0.4716981132075472,False,The learned policy selected page 4 because it received the highest predicted eviction score among the current resident pages. It was last accessed 1 reference ago and appeared 1 time in the recent 20-reference window. Model confidence: 47.2%.
48,200,after_shift,8,"[3, 2, 1, 0]",1,0,[0],1,6,0.3288409703504043,False,The learned policy selected page 1 because it received the highest predicted eviction score among the current resident pages. It was last accessed 1 reference ago and appeared 6 times in the recent 20-reference window. Model confidence: 32.9%.
48,201,after_shift,9,"[3, 2, 0, 8]",8,0,[0],1,1,0.4716981132075472,False,The learned policy selected page 8 because it received the highest predicted eviction score among the current resident pages. It was last accessed 1 reference ago and appeared 1 time in the recent 20-reference window. Model confidence: 47.2%.
48,204,after_shift,15,"[3, 2, 0, 9]",2,0,[0],1,5,0.3288409703504043,False,The learned policy selected page 2 because it received the highest predicted eviction score among the current resident pages. It was last accessed 1 reference ago and appeared 5 times in the recent 20-reference window. Model confidence: 32.9%.
48,205,after_shift,7,"[3, 0, 9, 15]",15,0,[0],1,1,0.4716981132075472,False,The learned policy selected page 15 because it received the highest predicted eviction score among the current resident pages. It was last accessed 1 reference ago and appeared 1 time in the recent 20-reference window. Model confidence: 47.2%.
48,206,after_shift,8,"[3, 0, 9, 7]",7,0,[0],1,1,0.4716981132075472,False,The learned policy selected page 7 because it received the highest predicted eviction score among the current resident pages. It was last accessed 1 reference ago and appeared 1 time in the recent 20-reference window. Model confidence: 47.2%.
48,207,after_shift,14,"[3, 0, 9, 8]",8,0,[0],1,2,0.3592233009708738,False,The learned policy selected page 8 because it received the highest predicted eviction score among the current resident pages. It was last accessed 1 reference ago and appeared 2 times in the recent 20-reference window. Model confidence: 35.9%.
48,209,after_shift,11,"[3, 0, 9, 14]",9,0,[0],1,2,0.3592233009708738,False,The learned policy selected page 9 because it received the highest predicted eviction score among the current resident pages. It was last accessed 1 reference ago and appeared 2 times in the recent 20-reference window. Model confidence: 35.9%.
48,210,after_shift,9,"[3, 0, 14, 11]",11,0,[0],1,1,0.4716981132075472,False,The learned policy selected page 11 because it received the highest predicted eviction score among the current resident pages. It was last accessed 1 reference ago and appeared 1 time in the recent 20-reference window. Model confidence: 47.2%.
48,211,after_shift,7,"[3, 0, 14, 9]",14,0,[0],4,1,0.3488372093023256,False,The learned policy selected page 14 because it received the highest predicted eviction score among the current resident pages. It was last accessed 4 references ago and appeared 1 time in the recent 20-reference window. Model confidence: 34.9%.
48,213,after_shift,2,"[3, 0, 9, 7]",9,0,[0],1,4,0.3288409703504043,False,The learned policy selected page 9 because it received the highest predicted eviction score among the current resident pages. It was last accessed 1 reference ago and appeared 4 times in the recent 20-reference window. Model confidence: 32.9%.
48,214,after_shift,9,"[3, 0, 7, 2]",2,0,[0],1,4,0.3288409703504043,False,The learned policy selected page 2 because it received the highest predicted eviction score among the current resident pages. It was last accessed 1 reference ago and appeared 4 times in the recent 20-reference window. Model confidence: 32.9%.
48,216,after_shift,8,"[3, 0, 7, 9]",9,0,[0],1,6,0.3288409703504043,False,The learned policy selected page 9 because it received the highest predicted eviction score among the current resident pages. It was last accessed 1 reference ago and appeared 6 times in the recent 20-reference window. Model confidence: 32.9%.
48,217,after_shift,13,"[3, 0, 7, 8]",8,0,[0],1,3,0.27485380116959063,False,The learned policy selected page 8 because it received the highest predicted eviction score among the current resident pages. It was last accessed 1 reference ago and appeared 3 times in the recent 20-reference window. Model confidence: 27.5%.
48,218,after_shift,9,"[3, 0, 7, 13]",13,0,[0],1,1,0.4716981132075472,False,The learned policy selected page 13 because it received the highest predicted eviction score among the current resident pages. It was last accessed 1 reference ago and appeared 1 time in the recent 20-reference window. Model confidence: 47.2%.
48,219,after_shift,2,"[3, 0, 7, 9]",9,0,[0],1,7,0.3288409703504043,False,The learned policy selected page 9 because it received the highest predicted eviction score among the current resident pages. It was last accessed 1 reference ago and appeared 7 times in the recent 20-reference window. Model confidence: 32.9%.
48,220,after_shift,9,"[3, 0, 7, 2]",2,0,[0],1,4,0.3288409703504043,False,The learned policy selected page 2 because it received the highest predicted eviction score among the current resident pages. It was last accessed 1 reference ago and appeared 4 times in the recent 20-reference window. Model confidence: 32.9%.
48,222,after_shift,2,"[3, 0, 7, 9]",9,0,[0],1,8,0.3288409703504043,False,The learned policy selected page 9 because it received the highest predicted eviction score among the current resident pages. It was last accessed 1 reference ago and appeared 8 times in the recent 20-reference window. Model confidence: 32.9%.
48,223,after_shift,11,"[3, 0, 7, 2]",2,0,[0],1,4,0.3288409703504043,False,The learned policy selected page 2 because it received the highest predicted eviction score among the current resident pages. It was last accessed 1 reference ago and appeared 4 times in the recent 20-reference window. Model confidence: 32.9%.
48,224,after_shift,1,"[3, 0, 7, 11]",11,0,[0],1,2,0.3592233009708738,False,The learned policy selected page 11 because it received the highest predicted eviction score among the current resident pages. It was last accessed 1 reference ago and appeared 2 times in the recent 20-reference window. Model confidence: 35.9%.
48,225,after_shift,2,"[3, 0, 7, 1]",1,0,[0],1,1,0.4716981132075472,False,The learned policy selected page 1 because it received the highest predicted eviction score among the current resident pages. It was last accessed 1 reference ago and appeared 1 time in the recent 20-reference window. Model confidence: 47.2%.
48,226,after_shift,10,"[3, 0, 7, 2]",2,0,[0],1,4,0.3288409703504043,False,The learned policy selected page 2 because it received the highest predicted eviction score among the current resident pages. It was last accessed 1 reference ago and appeared 4 times in the recent 20-reference window. Model confidence: 32.9%.
48,227,after_shift,13,"[3, 0, 7, 10]",10,0,[0],1,1,0.4716981132075472,False,The learned policy selected page 10 because it received the highest predicted eviction score among the current resident pages. It was last accessed 1 reference ago and appeared 1 time in the recent 20-reference window. Model confidence: 47.2%.
48,228,after_shift,9,"[3, 0, 7, 13]",13,0,[0],1,2,0.3592233009708738,False,The learned policy selected page 13 because it received the highest predicted eviction score among the current resident pages. It was last accessed 1 reference ago and appeared 2 times in the recent 20-reference window. Model confidence: 35.9%.
48,229,after_shift,8,"[3, 0, 7, 9]",9,0,[0],1,8,0.3288409703504043,False,The learned policy selected page 9 because it received the highest predicted eviction score among the current resident pages. It was last accessed 1 reference ago and appeared 8 times in the recent 20-reference window. Model confidence: 32.9%.
48,230,after_shift,4,"[3, 0, 7, 8]",8,0,[0],1,2,0.3592233009708738,False,The learned policy selected page 8 because it received the highest predicted eviction score among the current resident pages. It was last accessed 1 reference ago and appeared 2 times in the recent 20-reference window. Model confidence: 35.9%.
48,232,after_shift,2,"[3, 0, 7, 4]",3,0,[0],1,1,0.4716981132075472,False,The learned policy selected page 3 because it received the highest predicted eviction score among the current resident pages. It was last accessed 1 reference ago and appeared 1 time in the recent 20-reference window. Model confidence: 47.2%.
48,233,after_shift,3,"[0, 7, 4, 2]",2,0,[0],1,5,0.3288409703504043,False,The learned policy selected page 2 because it received the highest predicted eviction score among the current resident pages. It was last accessed 1 reference ago and appeared 5 times in the recent 20-reference window. Model confidence: 32.9%.
48,234,after_shift,1,"[0, 7, 4, 3]",3,0,[0],1,2,0.3592233009708738,False,The learned policy selected page 3 because it received the highest predicted eviction score among the current resident pages. It was last accessed 1 reference ago and appeared 2 times in the recent 20-reference window. Model confidence: 35.9%.
48,235,after_shift,9,"[0, 7, 4, 1]",4,0,[0],5,1,0.3893805309734513,False,The learned policy selected page 4 because it received the highest predicted eviction score among the current resident pages. It was last accessed 5 references ago and appeared 1 time in the recent 20-reference window. Model confidence: 38.9%.
48,236,after_shift,3,"[0, 7, 1, 9]",9,0,[0],1,5,0.3288409703504043,False,The learned policy selected page 9 because it received the highest predicted eviction score among the current resident pages. It was last accessed 1 reference ago and appeared 5 times in the recent 20-reference window. Model confidence: 32.9%.
48,237,after_shift,5,"[0, 7, 1, 3]",3,0,[0],1,3,0.27485380116959063,False,The learned policy selected page 3 because it received the highest predicted eviction score among the current resident pages. It was last accessed 1 reference ago and appeared 3 times in the recent 20-reference window. Model confidence: 27.5%.
48,238,after_shift,15,"[0, 7, 1, 5]",5,0,[0],1,1,0.4716981132075472,False,The learned policy selected page 5 because it received the highest predicted eviction score among the current resident pages. It was last accessed 1 reference ago and appeared 1 time in the recent 20-reference window. Model confidence: 47.2%.
48,239,after_shift,10,"[0, 7, 1, 15]",15,0,[0],1,1,0.4716981132075472,False,The learned policy selected page 15 because it received the highest predicted eviction score among the current resident pages. It was last accessed 1 reference ago and appeared 1 time in the recent 20-reference window. Model confidence: 47.2%.
48,240,after_shift,9,"[0, 7, 1, 10]",10,10,[10],1,2,0.3592233009708738,True,The learned policy selected page 10 because it received the highest predicted eviction score among the current resident pages. It was last accessed 1 reference ago and appeared 2 times in the recent 20-reference window. Model confidence: 35.9%.
48,242,after_shift,2,"[0, 7, 1, 9]",7,9,[9],1,1,0.4716981132075472,False,The learned policy selected page 7 because it received the highest predicted eviction score among the current resident pages. It was last accessed 1 reference ago and appeared 1 time in the recent 20-reference window. Model confidence: 47.2%.
48,244,after_shift,6,"[0, 1, 9, 2]",1,9,[9],1,3,0.27485380116959063,False,The learned policy selected page 1 because it received the highest predicted eviction score among the current resident pages. It was last accessed 1 reference ago and appeared 3 times in the recent 20-reference window. Model confidence: 27.5%.
48,246,after_shift,14,"[0, 9, 2, 6]",6,9,[9],2,1,0.30434782608695654,False,The learned policy selected page 6 because it received the highest predicted eviction score among the current resident pages. It was last accessed 2 references ago and appeared 1 time in the recent 20-reference window. Model confidence: 30.4%.
48,247,after_shift,1,"[0, 9, 2, 14]",14,9,[9],1,1,0.4716981132075472,False,The learned policy selected page 14 because it received the highest predicted eviction score among the current resident pages. It was last accessed 1 reference ago and appeared 1 time in the recent 20-reference window. Model confidence: 47.2%.
48,248,after_shift,6,"[0, 9, 2, 1]",1,9,[9],1,3,0.27485380116959063,False,The learned policy selected page 1 because it received the highest predicted eviction score among the current resident pages. It was last accessed 1 reference ago and appeared 3 times in the recent 20-reference window. Model confidence: 27.5%.
48,249,after_shift,1,"[0, 9, 2, 6]",6,9,[9],1,2,0.3592233009708738,False,The learned policy selected page 6 because it received the highest predicted eviction score among the current resident pages. It was last accessed 1 reference ago and appeared 2 times in the recent 20-reference window. Model confidence: 35.9%.
48,252,after_shift,11,"[0, 9, 2, 1]",2,2,[2],1,5,0.3288409703504043,True,The learned policy selected page 2 because it received the highest predicted eviction score among the current resident pages. It was last accessed 1 reference ago and appeared 5 times in the recent 20-reference window. Model confidence: 32.9%.
48,253,after_shift,7,"[0, 9, 1, 11]",11,11,[11],1,1,0.4716981132075472,True,The learned policy selected page 11 because it received the highest predicted eviction score among the current resident pages. It was last accessed 1 reference ago and appeared 1 time in the recent 20-reference window. Model confidence: 47.2%.
48,256,after_shift,5,"[0, 9, 1, 7]",1,9,[9],1,5,0.3288409703504043,False,The learned policy selected page 1 because it received the highest predicted eviction score among the current resident pages. It was last accessed 1 reference ago and appeared 5 times in the recent 20-reference window. Model confidence: 32.9%.
48,257,after_shift,14,"[0, 9, 7, 5]",5,5,[5],1,2,0.3592233009708738,True,The learned policy selected page 5 because it received the highest predicted eviction score among the current resident pages. It was last accessed 1 reference ago and appeared 2 times in the recent 20-reference window. Model confidence: 35.9%.
48,258,after_shift,6,"[0, 9, 7, 14]",14,9,[9],1,2,0.3592233009708738,False,The learned policy selected page 14 because it received the highest predicted eviction score among the current resident pages. It was last accessed 1 reference ago and appeared 2 times in the recent 20-reference window. Model confidence: 35.9%.
48,259,after_shift,1,"[0, 9, 7, 6]",6,9,[9],1,3,0.27485380116959063,False,The learned policy selected page 6 because it received the highest predicted eviction score among the current resident pages. It was last accessed 1 reference ago and appeared 3 times in the recent 20-reference window. Model confidence: 27.5%.
48,260,after_shift,8,"[0, 9, 7, 1]",1,9,[9],1,6,0.3288409703504043,False,The learned policy selected page 1 because it received the highest predicted eviction score among the current resident pages. It was last accessed 1 reference ago and appeared 6 times in the recent 20-reference window. Model confidence: 32.9%.
48,261,after_shift,6,"[0, 9, 7, 8]",8,9,[9],1,1,0.4716981132075472,False,The learned policy selected page 8 because it received the highest predicted eviction score among the current resident pages. It was last accessed 1 reference ago and appeared 1 time in the recent 20-reference window. Model confidence: 47.2%.
48,262,after_shift,1,"[0, 9, 7, 6]",6,9,[9],1,4,0.3288409703504043,False,The learned policy selected page 6 because it received the highest predicted eviction score among the current resident pages. It was last accessed 1 reference ago and appeared 4 times in the recent 20-reference window. Model confidence: 32.9%.
48,263,after_shift,14,"[0, 9, 7, 1]",1,1,[1],1,7,0.3288409703504043,True,The learned policy selected page 1 because it received the highest predicted eviction score among the current resident pages. It was last accessed 1 reference ago and appeared 7 times in the recent 20-reference window. Model confidence: 32.9%.
48,264,after_shift,13,"[0, 9, 7, 14]",14,9,[9],1,3,0.27485380116959063,False,The learned policy selected page 14 because it received the highest predicted eviction score among the current resident pages. It was last accessed 1 reference ago and appeared 3 times in the recent 20-reference window. Model confidence: 27.5%.
48,265,after_shift,15,"[0, 9, 7, 13]",13,13,[13],1,1,0.4716981132075472,True,The learned policy selected page 13 because it received the highest predicted eviction score among the current resident pages. It was last accessed 1 reference ago and appeared 1 time in the recent 20-reference window. Model confidence: 47.2%.
48,266,after_shift,4,"[0, 9, 7, 15]",7,9,[9],13,1,0.5,False,The learned policy selected page 7 because it received the highest predicted eviction score among the current resident pages. It was last accessed 13 references ago and appeared 1 time in the recent 20-reference window. Model confidence: 50.0%.
48,267,after_shift,3,"[0, 9, 15, 4]",4,9,[9],1,1,0.4716981132075472,False,The learned policy selected page 4 because it received the highest predicted eviction score among the current resident pages. It was last accessed 1 reference ago and appeared 1 time in the recent 20-reference window. Model confidence: 47.2%.
48,268,after_shift,14,"[0, 9, 15, 3]",3,3,[3],1,1,0.4716981132075472,True,The learned policy selected page 3 because it received the highest predicted eviction score among the current resident pages. It was last accessed 1 reference ago and appeared 1 time in the recent 20-reference window. Model confidence: 47.2%.
48,269,after_shift,8,"[0, 9, 15, 14]",15,14,[14],4,1,0.3488372093023256,False,The learned policy selected page 15 because it received the highest predicted eviction score among the current resident pages. It was last accessed 4 references ago and appeared 1 time in the recent 20-reference window. Model confidence: 34.9%.
48,270,after_shift,15,"[0, 9, 14, 8]",8,14,[14],1,2,0.3592233009708738,False,The learned policy selected page 8 because it received the highest predicted eviction score among the current resident pages. It was last accessed 1 reference ago and appeared 2 times in the recent 20-reference window. Model confidence: 35.9%.
48,271,after_shift,8,"[0, 9, 14, 15]",15,14,[14],1,2,0.3592233009708738,False,The learned policy selected page 15 because it received the highest predicted eviction score among the current resident pages. It was last accessed 1 reference ago and appeared 2 times in the recent 20-reference window. Model confidence: 35.9%.
48,272,after_shift,6,"[0, 9, 14, 8]",8,14,[14],1,3,0.27485380116959063,False,The learned policy selected page 8 because it received the highest predicted eviction score among the current resident pages. It was last accessed 1 reference ago and appeared 3 times in the recent 20-reference window. Model confidence: 27.5%.
48,273,after_shift,8,"[0, 9, 14, 6]",6,14,[14],1,3,0.27485380116959063,False,The learned policy selected page 6 because it received the highest predicted eviction score among the current resident pages. It was last accessed 1 reference ago and appeared 3 times in the recent 20-reference window. Model confidence: 27.5%.
48,274,after_shift,4,"[0, 9, 14, 8]",8,14,[14],1,4,0.3288409703504043,False,The learned policy selected page 8 because it received the highest predicted eviction score among the current resident pages. It was last accessed 1 reference ago and appeared 4 times in the recent 20-reference window. Model confidence: 32.9%.
48,275,after_shift,6,"[0, 9, 14, 4]",4,14,[14],1,2,0.3592233009708738,False,The learned policy selected page 4 because it received the highest predicted eviction score among the current resident pages. It was last accessed 1 reference ago and appeared 2 times in the recent 20-reference window. Model confidence: 35.9%.
48,276,after_shift,8,"[0, 9, 14, 6]",6,14,[14],1,4,0.3288409703504043,False,The learned policy selected page 6 because it received the highest predicted eviction score among the current resident pages. It was last accessed 1 reference ago and appeared 4 times in the recent 20-reference window. Model confidence: 32.9%.
48,278,after_shift,15,"[0, 9, 14, 8]",0,8,[8],1,1,0.4716981132075472,False,The learned policy selected page 0 because it received the highest predicted eviction score among the current resident pages. It was last accessed 1 reference ago and appeared 1 time in the recent 20-reference window. Model confidence: 47.2%.
48,279,after_shift,7,"[9, 14, 8, 15]",15,8,[8],1,3,0.27485380116959063,False,The learned policy selected page 15 because it received the highest predicted eviction score among the current resident pages. It was last accessed 1 reference ago and appeared 3 times in the recent 20-reference window. Model confidence: 27.5%.
48,280,after_shift,12,"[9, 14, 8, 7]",7,8,[8],1,1,0.4716981132075472,False,The learned policy selected page 7 because it received the highest predicted eviction score among the current resident pages. It was last accessed 1 reference ago and appeared 1 time in the recent 20-reference window. Model confidence: 47.2%.
48,282,after_shift,1,"[9, 14, 8, 12]",9,12,[12],1,1,0.4716981132075472,False,The learned policy selected page 9 because it received the highest predicted eviction score among the current resident pages. It was last accessed 1 reference ago and appeared 1 time in the recent 20-reference window. Model confidence: 47.2%.
48,283,after_shift,9,"[14, 8, 12, 1]",1,12,[12],1,1,0.4716981132075472,False,The learned policy selected page 1 because it received the highest predicted eviction score among the current resident pages. It was last accessed 1 reference ago and appeared 1 time in the recent 20-reference window. Model confidence: 47.2%.
48,284,after_shift,13,"[14, 8, 12, 9]",9,12,[12],1,2,0.3592233009708738,False,The learned policy selected page 9 because it received the highest predicted eviction score among the current resident pages. It was last accessed 1 reference ago and appeared 2 times in the recent 20-reference window. Model confidence: 35.9%.
48,285,after_shift,11,"[14, 8, 12, 13]",13,12,[12],1,1,0.4716981132075472,False,The learned policy selected page 13 because it received the highest predicted eviction score among the current resident pages. It was last accessed 1 reference ago and appeared 1 time in the recent 20-reference window. Model confidence: 47.2%.
48,286,after_shift,15,"[14, 8, 12, 11]",11,12,[12],1,1,0.4716981132075472,False,The learned policy selected page 11 because it received the highest predicted eviction score among the current resident pages. It was last accessed 1 reference ago and appeared 1 time in the recent 20-reference window. Model confidence: 47.2%.
48,287,after_shift,11,"[14, 8, 12, 15]",8,12,[12],11,4,0.4,False,The learned policy selected page 8 because it received the highest predicted eviction score among the current resident pages. It was last accessed 11 references ago and appeared 4 times in the recent 20-reference window. Model confidence: 40.0%.
48,288,after_shift,6,"[14, 12, 15, 11]",11,12,[12],1,2,0.3592233009708738,False,The learned policy selected page 11 because it received the highest predicted eviction score among the current resident pages. It was last accessed 1 reference ago and appeared 2 times in the recent 20-reference window. Model confidence: 35.9%.
48,289,after_shift,4,"[14, 12, 15, 6]",6,12,[12],1,3,0.27485380116959063,False,The learned policy selected page 6 because it received the highest predicted eviction score among the current resident pages. It was last accessed 1 reference ago and appeared 3 times in the recent 20-reference window. Model confidence: 27.5%.
48,290,after_shift,1,"[14, 12, 15, 4]",4,12,[12],1,2,0.3592233009708738,False,The learned policy selected page 4 because it received the highest predicted eviction score among the current resident pages. It was last accessed 1 reference ago and appeared 2 times in the recent 20-reference window. Model confidence: 35.9%.
48,291,after_shift,3,"[14, 12, 15, 1]",1,12,[12],1,2,0.3592233009708738,False,The learned policy selected page 1 because it received the highest predicted eviction score among the current resident pages. It was last accessed 1 reference ago and appeared 2 times in the recent 20-reference window. Model confidence: 35.9%.
48,292,after_shift,13,"[14, 12, 15, 3]",3,12,[12],1,1,0.4716981132075472,False,The learned policy selected page 3 because it received the highest predicted eviction score among the current resident pages. It was last accessed 1 reference ago and appeared 1 time in the recent 20-reference window. Model confidence: 47.2%.
48,294,after_shift,7,"[14, 12, 15, 13]",12,12,[12],14,1,0.5,True,The learned policy selected page 12 because it received the highest predicted eviction score among the current resident pages. It was last accessed 14 references ago and appeared 1 time in the recent 20-reference window. Model confidence: 50.0%.
48,295,after_shift,10,"[14, 15, 13, 7]",7,15,[15],1,2,0.3592233009708738,False,The learned policy selected page 7 because it received the highest predicted eviction score among the current resident pages. It was last accessed 1 reference ago and appeared 2 times in the recent 20-reference window. Model confidence: 35.9%.
48,296,after_shift,2,"[14, 15, 13, 10]",10,10,[10],1,1,0.4716981132075472,True,The learned policy selected page 10 because it received the highest predicted eviction score among the current resident pages. It was last accessed 1 reference ago and appeared 1 time in the recent 20-reference window. Model confidence: 47.2%.
48,297,after_shift,4,"[14, 15, 13, 2]",2,15,[15],1,1,0.4716981132075472,False,The learned policy selected page 2 because it received the highest predicted eviction score among the current resident pages. It was last accessed 1 reference ago and appeared 1 time in the recent 20-reference window. Model confidence: 47.2%.
48,302,after_shift,2,"[14, 15, 13, 4]",4,15,[15],1,4,0.3288409703504043,False,The learned policy selected page 4 because it received the highest predicted eviction score among the current resident pages. It was last accessed 1 reference ago and appeared 4 times in the recent 20-reference window. Model confidence: 32.9%.
48,305,after_shift,7,"[14, 15, 13, 2]",2,15,[15],1,3,0.27485380116959063,False,The learned policy selected page 2 because it received the highest predicted eviction score among the current resident pages. It was last accessed 1 reference ago and appeared 3 times in the recent 20-reference window. Model confidence: 27.5%.
48,306,after_shift,0,"[14, 15, 13, 7]",7,7,[7],1,2,0.3592233009708738,True,The learned policy selected page 7 because it received the highest predicted eviction score among the current resident pages. It was last accessed 1 reference ago and appeared 2 times in the recent 20-reference window. Model confidence: 35.9%.
48,308,after_shift,4,"[14, 15, 13, 0]",14,0,[0],1,2,0.3592233009708738,False,The learned policy selected page 14 because it received the highest predicted eviction score among the current resident pages. It was last accessed 1 reference ago and appeared 2 times in the recent 20-reference window. Model confidence: 35.9%.
48,310,after_shift,2,"[15, 13, 0, 4]",0,0,[0],4,1,0.3488372093023256,True,The learned policy selected page 0 because it received the highest predicted eviction score among the current resident pages. It was last accessed 4 references ago and appeared 1 time in the recent 20-reference window. Model confidence: 34.9%.
48,312,after_shift,11,"[15, 13, 4, 2]",13,13,[13],1,5,0.3288409703504043,True,The learned policy selected page 13 because it received the highest predicted eviction score among the current resident pages. It was last accessed 1 reference ago and appeared 5 times in the recent 20-reference window. Model confidence: 32.9%.
48,317,after_shift,3,"[15, 4, 2, 11]",11,15,[15],5,1,0.3893805309734513,False,The learned policy selected page 11 because it received the highest predicted eviction score among the current resident pages. It was last accessed 5 references ago and appeared 1 time in the recent 20-reference window. Model confidence: 38.9%.
48,318,after_shift,11,"[15, 4, 2, 3]",3,15,[15],1,1,0.4716981132075472,False,The learned policy selected page 3 because it received the highest predicted eviction score among the current resident pages. It was last accessed 1 reference ago and appeared 1 time in the recent 20-reference window. Model confidence: 47.2%.
48,319,after_shift,1,"[15, 4, 2, 11]",11,15,[15],1,2,0.3592233009708738,False,The learned policy selected page 11 because it received the highest predicted eviction score among the current resident pages. It was last accessed 1 reference ago and appeared 2 times in the recent 20-reference window. Model confidence: 35.9%.
48,320,after_shift,6,"[15, 4, 2, 1]",1,15,[15],1,1,0.4716981132075472,False,The learned policy selected page 1 because it received the highest predicted eviction score among the current resident pages. It was last accessed 1 reference ago and appeared 1 time in the recent 20-reference window. Model confidence: 47.2%.
48,322,after_shift,9,"[15, 4, 2, 6]",6,15,[15],1,2,0.3592233009708738,False,The learned policy selected page 6 because it received the highest predicted eviction score among the current resident pages. It was last accessed 1 reference ago and appeared 2 times in the recent 20-reference window. Model confidence: 35.9%.
48,323,after_shift,11,"[15, 4, 2, 9]",9,15,[15],1,1,0.4716981132075472,False,The learned policy selected page 9 because it received the highest predicted eviction score among the current resident pages. It was last accessed 1 reference ago and appeared 1 time in the recent 20-reference window. Model confidence: 47.2%.
48,324,after_shift,1,"[15, 4, 2, 11]",11,15,[15],1,3,0.27485380116959063,False,The learned policy selected page 11 because it received the highest predicted eviction score among the current resident pages. It was last accessed 1 reference ago and appeared 3 times in the recent 20-reference window. Model confidence: 27.5%.
48,325,after_shift,11,"[15, 4, 2, 1]",1,15,[15],1,2,0.3592233009708738,False,The learned policy selected page 1 because it received the highest predicted eviction score among the current resident pages. It was last accessed 1 reference ago and appeared 2 times in the recent 20-reference window. Model confidence: 35.9%.
48,327,after_shift,1,"[15, 4, 2, 11]",2,15,[15],1,3,0.27485380116959063,False,The learned policy selected page 2 because it received the highest predicted eviction score among the current resident pages. It was last accessed 1 reference ago and appeared 3 times in the recent 20-reference window. Model confidence: 27.5%.
48,328,after_shift,2,"[15, 4, 11, 1]",1,1,[1],1,3,0.27485380116959063,True,The learned policy selected page 1 because it received the highest predicted eviction score among the current resident pages. It was last accessed 1 reference ago and appeared 3 times in the recent 20-reference window. Model confidence: 27.5%.
48,330,after_shift,9,"[15, 4, 11, 2]",4,15,[15],14,1,0.5,False,The learned policy selected page 4 because it received the highest predicted eviction score among the current resident pages. It was last accessed 14 references ago and appeared 1 time in the recent 20-reference window. Model confidence: 50.0%.
48,332,after_shift,6,"[15, 11, 2, 9]",11,15,[15],1,6,0.3288409703504043,False,The learned policy selected page 11 because it received the highest predicted eviction score among the current resident pages. It was last accessed 1 reference ago and appeared 6 times in the recent 20-reference window. Model confidence: 32.9%.
48,333,after_shift,3,"[15, 2, 9, 6]",6,15,[15],1,3,0.27485380116959063,False,The learned policy selected page 6 because it received the highest predicted eviction score among the current resident pages. It was last accessed 1 reference ago and appeared 3 times in the recent 20-reference window. Model confidence: 27.5%.
48,334,after_shift,6,"[15, 2, 9, 3]",3,15,[15],1,2,0.3592233009708738,False,The learned policy selected page 3 because it received the highest predicted eviction score among the current resident pages. It was last accessed 1 reference ago and appeared 2 times in the recent 20-reference window. Model confidence: 35.9%.
48,335,after_shift,10,"[15, 2, 9, 6]",6,15,[15],1,4,0.3288409703504043,False,The learned policy selected page 6 because it received the highest predicted eviction score among the current resident pages. It was last accessed 1 reference ago and appeared 4 times in the recent 20-reference window. Model confidence: 32.9%.
48,339,after_shift,14,"[15, 2, 9, 10]",10,15,[15],1,2,0.3592233009708738,False,The learned policy selected page 10 because it received the highest predicted eviction score among the current resident pages. It was last accessed 1 reference ago and appeared 2 times in the recent 20-reference window. Model confidence: 35.9%.
48,340,after_shift,4,"[15, 2, 9, 14]",14,15,[15],1,1,0.4716981132075472,False,The learned policy selected page 14 because it received the highest predicted eviction score among the current resident pages. It was last accessed 1 reference ago and appeared 1 time in the recent 20-reference window. Model confidence: 47.2%.
48,341,after_shift,10,"[15, 2, 9, 4]",4,15,[15],1,1,0.4716981132075472,False,The learned policy selected page 4 because it received the highest predicted eviction score among the current resident pages. It was last accessed 1 reference ago and appeared 1 time in the recent 20-reference window. Model confidence: 47.2%.
48,343,after_shift,6,"[15, 2, 9, 10]",2,15,[15],1,4,0.3288409703504043,False,The learned policy selected page 2 because it received the highest predicted eviction score among the current resident pages. It was last accessed 1 reference ago and appeared 4 times in the recent 20-reference window. Model confidence: 32.9%.
48,344,after_shift,14,"[15, 9, 10, 6]",6,15,[15],1,3,0.27485380116959063,False,The learned policy selected page 6 because it received the highest predicted eviction score among the current resident pages. It was last accessed 1 reference ago and appeared 3 times in the recent 20-reference window. Model confidence: 27.5%.
48,345,after_shift,3,"[15, 9, 10, 14]",14,15,[15],1,2,0.3592233009708738,False,The learned policy selected page 14 because it received the highest predicted eviction score among the current resident pages. It was last accessed 1 reference ago and appeared 2 times in the recent 20-reference window. Model confidence: 35.9%.
48,346,after_shift,2,"[15, 9, 10, 3]",3,3,[3],1,2,0.3592233009708738,True,The learned policy selected page 3 because it received the highest predicted eviction score among the current resident pages. It was last accessed 1 reference ago and appeared 2 times in the recent 20-reference window. Model confidence: 35.9%.
48,347,after_shift,4,"[15, 9, 10, 2]",2,15,[15],1,4,0.3288409703504043,False,The learned policy selected page 2 because it received the highest predicted eviction score among the current resident pages. It was last accessed 1 reference ago and appeared 4 times in the recent 20-reference window. Model confidence: 32.9%.
48,348,after_shift,14,"[15, 9, 10, 4]",4,15,[15],1,2,0.3592233009708738,False,The learned policy selected page 4 because it received the highest predicted eviction score among the current resident pages. It was last accessed 1 reference ago and appeared 2 times in the recent 20-reference window. Model confidence: 35.9%.
48,349,after_shift,5,"[15, 9, 10, 14]",14,15,[15],1,3,0.27485380116959063,False,The learned policy selected page 14 because it received the highest predicted eviction score among the current resident pages. It was last accessed 1 reference ago and appeared 3 times in the recent 20-reference window. Model confidence: 27.5%.
48,350,after_shift,7,"[15, 9, 10, 5]",5,5,[5],1,1,0.4716981132075472,True,The learned policy selected page 5 because it received the highest predicted eviction score among the current resident pages. It was last accessed 1 reference ago and appeared 1 time in the recent 20-reference window. Model confidence: 47.2%.
48,351,after_shift,2,"[15, 9, 10, 7]",7,7,[7],1,1,0.4716981132075472,True,The learned policy selected page 7 because it received the highest predicted eviction score among the current resident pages. It was last accessed 1 reference ago and appeared 1 time in the recent 20-reference window. Model confidence: 47.2%.
48,353,after_shift,14,"[15, 9, 10, 2]",2,2,[2],1,5,0.3288409703504043,True,The learned policy selected page 2 because it received the highest predicted eviction score among the current resident pages. It was last accessed 1 reference ago and appeared 5 times in the recent 20-reference window. Model confidence: 32.9%.
48,354,after_shift,6,"[15, 9, 10, 14]",14,15,[15],1,4,0.3288409703504043,False,The learned policy selected page 14 because it received the highest predicted eviction score among the current resident pages. It was last accessed 1 reference ago and appeared 4 times in the recent 20-reference window. Model confidence: 32.9%.
48,357,after_shift,8,"[15, 9, 10, 6]",10,6,[6],1,3,0.27485380116959063,False,The learned policy selected page 10 because it received the highest predicted eviction score among the current resident pages. It was last accessed 1 reference ago and appeared 3 times in the recent 20-reference window. Model confidence: 27.5%.
48,360,after_shift,10,"[15, 9, 6, 8]",8,6,[6],1,2,0.3592233009708738,False,The learned policy selected page 8 because it received the highest predicted eviction score among the current resident pages. It was last accessed 1 reference ago and appeared 2 times in the recent 20-reference window. Model confidence: 35.9%.
48,361,after_shift,4,"[15, 9, 6, 10]",9,6,[6],3,1,0.2857142857142857,False,The learned policy selected page 9 because it received the highest predicted eviction score among the current resident pages. It was last accessed 3 references ago and appeared 1 time in the recent 20-reference window. Model confidence: 28.6%.
48,363,after_shift,11,"[15, 6, 10, 4]",4,6,[6],1,3,0.27485380116959063,False,The learned policy selected page 4 because it received the highest predicted eviction score among the current resident pages. It was last accessed 1 reference ago and appeared 3 times in the recent 20-reference window. Model confidence: 27.5%.
48,365,after_shift,8,"[15, 6, 10, 11]",11,6,[6],1,2,0.3592233009708738,False,The learned policy selected page 11 because it received the highest predicted eviction score among the current resident pages. It was last accessed 1 reference ago and appeared 2 times in the recent 20-reference window. Model confidence: 35.9%.
48,366,after_shift,9,"[15, 6, 10, 8]",8,6,[6],1,3,0.27485380116959063,False,The learned policy selected page 8 because it received the highest predicted eviction score among the current resident pages. It was last accessed 1 reference ago and appeared 3 times in the recent 20-reference window. Model confidence: 27.5%.
48,368,after_shift,4,"[15, 6, 10, 9]",9,6,[6],1,3,0.27485380116959063,False,The learned policy selected page 9 because it received the highest predicted eviction score among the current resident pages. It was last accessed 1 reference ago and appeared 3 times in the recent 20-reference window. Model confidence: 27.5%.
48,369,after_shift,8,"[15, 6, 10, 4]",4,6,[6],1,3,0.27485380116959063,False,The learned policy selected page 4 because it received the highest predicted eviction score among the current resident pages. It was last accessed 1 reference ago and appeared 3 times in the recent 20-reference window. Model confidence: 27.5%.
48,370,after_shift,14,"[15, 6, 10, 8]",8,6,[6],1,4,0.3288409703504043,False,The learned policy selected page 8 because it received the highest predicted eviction score among the current resident pages. It was last accessed 1 reference ago and appeared 4 times in the recent 20-reference window. Model confidence: 32.9%.
48,372,after_shift,8,"[15, 6, 10, 14]",15,6,[6],1,1,0.4716981132075472,False,The learned policy selected page 15 because it received the highest predicted eviction score among the current resident pages. It was last accessed 1 reference ago and appeared 1 time in the recent 20-reference window. Model confidence: 47.2%.
48,374,after_shift,7,"[6, 10, 14, 8]",14,6,"[6, 8]",4,1,0.3488372093023256,False,The learned policy selected page 14 because it received the highest predicted eviction score among the current resident pages. It was last accessed 4 references ago and appeared 1 time in the recent 20-reference window. Model confidence: 34.9%.
48,376,after_shift,4,"[6, 10, 8, 7]",7,6,"[6, 10, 8, 7]",2,1,0.30434782608695654,True,The learned policy selected page 7 because it received the highest predicted eviction score among the current resident pages. It was last accessed 2 references ago and appeared 1 time in the recent 20-reference window. Model confidence: 30.4%.
48,377,after_shift,13,"[6, 10, 8, 4]",4,6,"[6, 10, 8, 4]",1,4,0.3288409703504043,True,The learned policy selected page 4 because it received the highest predicted eviction score among the current resident pages. It was last accessed 1 reference ago and appeared 4 times in the recent 20-reference window. Model confidence: 32.9%.
48,380,after_shift,14,"[6, 10, 8, 13]",13,6,"[6, 10, 8, 13]",1,3,0.27485380116959063,True,The learned policy selected page 13 because it received the highest predicted eviction score among the current resident pages. It was last accessed 1 reference ago and appeared 3 times in the recent 20-reference window. Model confidence: 27.5%.
48,381,after_shift,15,"[6, 10, 8, 14]",14,6,"[6, 10, 8]",1,2,0.3592233009708738,False,The learned policy selected page 14 because it received the highest predicted eviction score among the current resident pages. It was last accessed 1 reference ago and appeared 2 times in the recent 20-reference window. Model confidence: 35.9%.
48,382,after_shift,0,"[6, 10, 8, 15]",15,6,"[6, 10, 8, 15]",1,2,0.3592233009708738,True,The learned policy selected page 15 because it received the highest predicted eviction score among the current resident pages. It was last accessed 1 reference ago and appeared 2 times in the recent 20-reference window. Model confidence: 35.9%.
48,384,after_shift,14,"[6, 10, 8, 0]",8,6,"[6, 10, 8]",11,4,0.4,True,The learned policy selected page 8 because it received the highest predicted eviction score among the current resident pages. It was last accessed 11 references ago and appeared 4 times in the recent 20-reference window. Model confidence: 40.0%.
48,385,after_shift,3,"[6, 10, 0, 14]",0,6,"[6, 10]",2,2,0.2919254658385093,False,The learned policy selected page 0 because it received the highest predicted eviction score among the current resident pages. It was last accessed 2 references ago and appeared 2 times in the recent 20-reference window. Model confidence: 29.2%.
48,386,after_shift,2,"[6, 10, 14, 3]",3,6,"[6, 10]",1,1,0.4716981132075472,False,The learned policy selected page 3 because it received the highest predicted eviction score among the current resident pages. It was last accessed 1 reference ago and appeared 1 time in the recent 20-reference window. Model confidence: 47.2%.
48,388,after_shift,0,"[6, 10, 14, 2]",10,6,"[6, 10, 14]",13,1,0.5,True,The learned policy selected page 10 because it received the highest predicted eviction score among the current resident pages. It was last accessed 13 references ago and appeared 1 time in the recent 20-reference window. Model confidence: 50.0%.
48,389,after_shift,3,"[6, 14, 2, 0]",2,6,"[6, 14]",3,1,0.2857142857142857,False,The learned policy selected page 2 because it received the highest predicted eviction score among the current resident pages. It was last accessed 3 references ago and appeared 1 time in the recent 20-reference window. Model confidence: 28.6%.
48,392,after_shift,2,"[6, 14, 0, 3]",3,6,"[6, 14, 0]",1,3,0.27485380116959063,False,The learned policy selected page 3 because it received the highest predicted eviction score among the current resident pages. It was last accessed 1 reference ago and appeared 3 times in the recent 20-reference window. Model confidence: 27.5%.
48,393,after_shift,5,"[6, 14, 0, 2]",2,6,"[6, 14, 0]",1,2,0.3592233009708738,False,The learned policy selected page 2 because it received the highest predicted eviction score among the current resident pages. It was last accessed 1 reference ago and appeared 2 times in the recent 20-reference window. Model confidence: 35.9%.
48,395,after_shift,11,"[6, 14, 0, 5]",5,6,"[6, 14, 0, 5]",1,2,0.3592233009708738,True,The learned policy selected page 5 because it received the highest predicted eviction score among the current resident pages. It was last accessed 1 reference ago and appeared 2 times in the recent 20-reference window. Model confidence: 35.9%.
48,396,after_shift,2,"[6, 14, 0, 11]",11,6,"[6, 14, 0, 11]",1,1,0.4716981132075472,True,The learned policy selected page 11 because it received the highest predicted eviction score among the current resident pages. It was last accessed 1 reference ago and appeared 1 time in the recent 20-reference window. Model confidence: 47.2%.
48,397,after_shift,9,"[6, 14, 0, 2]",2,6,"[6, 14, 0, 2]",1,3,0.27485380116959063,True,The learned policy selected page 2 because it received the highest predicted eviction score among the current resident pages. It was last accessed 1 reference ago and appeared 3 times in the recent 20-reference window. Model confidence: 27.5%.
48,399,after_shift,3,"[6, 14, 0, 9]",9,6,"[6, 14, 0, 9]",1,2,0.3592233009708738,True,The learned policy selected page 9 because it received the highest predicted eviction score among the current resident pages. It was last accessed 1 reference ago and appeared 2 times in the recent 20-reference window. Model confidence: 35.9%.
